2026-07-14 21:27:16,357  root       handle_response DEBUG    Write: '4111FF\r\r>'
2026-07-14 21:27:16,440  root       run             DEBUG    Received '010D'
2026-07-14 21:27:16,440  root       handle_request  DEBUG    Handling: '010D', header '7E0', ECU '7E0'
2026-07-14 21:27:16,442  root       handle_request  DEBUG    Description: Vehicle Speed, PID SPEED (010D)
2026-07-14 21:27:16,442  root       handle_response DEBUG    Processing: '<pos_answer>6C</pos_answer> <header>7EA</header><size>03</size><data>41 0D 6C</data>'
2026-07-14 21:27:16,442  root       handle_response DEBUG    Write: '410D6C\r410D6C\r\r>'
2026-07-14 21:27:16,483  root       run             DEBUG    Received '010C'
2026-07-14 21:27:16,484  root       handle_request  DEBUG    Handling: '010C', header '7E0', ECU '7E0'
2026-07-14 21:27:16,484  root       handle_request  DEBUG    Description: Engine RPM, PID RPM (010C)
2026-07-14 21:27:16,484  root       handle_response DEBUG    Processing: '<pos_answer>43 30</pos_answer> <header>7EA</header><size>04</size><data>41 0C 43 30</data>'
2026-07-14 21:27:16,485  root       handle_response DEBUG    Write: '410C4330\r410C4330\r\r>'
2026-07-14 21:27:16,526  root       run             DEBUG    Received '0105'
2026-07-14 21:27:16,527  root       handle_request  DEBUG    Handling: '0105', header '7E0', ECU '7E0'
2026-07-14 21:27:16,527  root       handle_request  DEBUG    Description: Engine Coolant Temperature, PID COOLANT_TEMP (0105)
2026-07-14 21:27:16,527  root       handle_response DEBUG    Processing: '<pos_answer>7B</pos_answer>'
2026-07-14 21:27:16,527  root       handle_response DEBUG    Write: '41057B\r\r>'
2026-07-14 21:27:16,572  root       run             DEBUG    Received '0111'
2026-07-14 21:27:16,572  root       handle_request  DEBUG    Handling: '0111', header '7E0', ECU '7E0'
2026-07-14 21:27:16,572  root       handle_request  DEBUG    Description: Throttle Position, PID THROTTLE_POS (0111)
2026-07-14 21:27:16,572  root       handle_response DEBUG    Processing: '<pos_answer>FF</pos_answer>'
2026-07-14 21:27:16,573  root       handle_response DEBUG    Write: '4111FF\r\r>'
2026-07-14 21:27:16,655  root       run             DEBUG    Received '010D'
2026-07-14 21:27:16,656  root       handle_request  DEBUG    Handling: '010D', header '7E0', ECU '7E0'
2026-07-14 21:27:16,656  root       handle_request  DEBUG    Description: Vehicle Speed, PID SPEED (010D)
2026-07-14 21:27:16,656  root       handle_response DEBUG    Processing: '<pos_answer>70</pos_answer> <header>7EA</header><size>03</size><data>41 0D 70</data>'
2026-07-14 21:27:16,657  root       handle_response DEBUG    Write: '410D70\r410D70\r\r>'
2026-07-14 21:27:16,702  root       run             DEBUG    Received '010C'
2026-07-14 21:27:16,703  root       handle_request  DEBUG    Handling: '010C', header '7E0', ECU '7E0'
2026-07-14 21:27:16,703  root       handle_request  DEBUG    Description: Engine RPM, PID RPM (010C)
2026-07-14 21:27:16,703  root       handle_response DEBUG    Processing: '<pos_answer>43 80</pos_answer> <header>7EA</header><size>04</size><data>41 0C 43 80</data>'
2026-07-14 21:27:16,704  root       handle_response DEBUG    Write: '410C4380\r410C4380\r\r>'
2026-07-14 21:27:16,745  root       run             DEBUG    Received '0105'
2026-07-14 21:27:16,746  root       handle_request  DEBUG    Handling: '0105', header '7E0', ECU '7E0'
2026-07-14 21:27:16,746  root       handle_request  DEBUG    Description: Engine Coolant Temperature, PID COOLANT_TEMP (0105)
2026-07-14 21:27:16,746  root       handle_response DEBUG    Processing: '<pos_answer>7B</pos_answer>'
2026-07-14 21:27:16,746  root       handle_response DEBUG    Write: '41057B\r\r>'
2026-07-14 21:27:16,790  root       run             DEBUG    Received '0111'
2026-07-14 21:27:16,790  root       handle_request  DEBUG    Handling: '0111', header '7E0', ECU '7E0'
2026-07-14 21:27:16,791  root       handle_request  DEBUG    Description: Throttle Position, PID THROTTLE_POS (0111)
2026-07-14 21:27:16,791  root       handle_response DEBUG    Processing: '<pos_answer>FF</pos_answer>'
2026-07-14 21:27:16,791  root       handle_response DEBUG    Write: '4111FF\r\r>'
2026-07-14 21:27:16,877  root       run             DEBUG    Received '010D'
2026-07-14 21:27:16,877  root       handle_request  DEBUG    Handling: '010D', header '7E0', ECU '7E0'
2026-07-14 21:27:16,877  root       handle_request  DEBUG    Description: Vehicle Speed, PID SPEED (010D)
2026-07-14 21:27:16,878  root       handle_response DEBUG    Processing: '<pos_answer>74</pos_answer> <header>7EA</header><size>03</size><data>41 0D 74</data>'
2026-07-14 21:27:16,878  root       handle_response DEBUG    Write: '410D74\r410D74\r\r>'
2026-07-14 21:27:16,923  root       run             DEBUG    Received '010C'
2026-07-14 21:27:16,924  root       handle_request  DEBUG    Handling: '010C', header '7E0', ECU '7E0'
2026-07-14 21:27:16,924  root       handle_request  DEBUG    Description: Engine RPM, PID RPM (010C)
2026-07-14 21:27:16,924  root       handle_response DEBUG    Processing: '<pos_answer>43 D0</pos_answer> <header>7EA</header><size>04</size><data>41 0C 43 D0</data>'
2026-07-14 21:27:16,924  root       handle_response DEBUG    Write: '410C43D0\r410C43D0\r\r>'
2026-07-14 21:27:16,965  root       run             DEBUG    Received '0105'
2026-07-14 21:27:16,965  root       handle_request  DEBUG    Handling: '0105', header '7E0', ECU '7E0'
2026-07-14 21:27:16,966  root       handle_request  DEBUG    Description: Engine Coolant Temperature, PID COOLANT_TEMP (0105)
2026-07-14 21:27:16,966  root       handle_response DEBUG    Processing: '<pos_answer>7B</pos_answer>'
2026-07-14 21:27:16,966  root       handle_response DEBUG    Write: '41057B\r\r>'
2026-07-14 21:27:17,009  root       run             DEBUG    Received '0111'
2026-07-14 21:27:17,009  root       handle_request  DEBUG    Handling: '0111', header '7E0', ECU '7E0'
2026-07-14 21:27:17,009  root       handle_request  DEBUG    Description: Throttle Position, PID THROTTLE_POS (0111)
2026-07-14 21:27:17,009  root       handle_response DEBUG    Processing: '<pos_answer>FF</pos_answer>'
2026-07-14 21:27:17,010  root       handle_response DEBUG    Write: '4111FF\r\r>'
2026-07-14 21:27:17,092  root       run             DEBUG    Received '010D'
2026-07-14 21:27:17,092  root       handle_request  DEBUG    Handling: '010D', header '7E0', ECU '7E0'
2026-07-14 21:27:17,092  root       handle_request  DEBUG    Description: Vehicle Speed, PID SPEED (010D)
2026-07-14 21:27:17,092  root       handle_response DEBUG    Processing: '<pos_answer>78</pos_answer> <header>7EA</header><size>03</size><data>41 0D 78</data>'
2026-07-14 21:27:17,093  root       handle_response DEBUG    Write: '410D78\r410D78\r\r>'
2026-07-14 21:27:17,137  root       run             DEBUG    Received '010C'
2026-07-14 21:27:17,137  root       handle_request  DEBUG    Handling: '010C', header '7E0', ECU '7E0'
2026-07-14 21:27:17,137  root       handle_request  DEBUG    Description: Engine RPM, PID RPM (010C)
2026-07-14 21:27:17,137  root       handle_response DEBUG    Processing: '<pos_answer>44 20</pos_answer> <header>7EA</header><size>04</size><data>41 0C 44 20</data>'
2026-07-14 21:27:17,138  root       handle_response DEBUG    Write: '410C4420\r410C4420\r\r>'
2026-07-14 21:27:17,183  root       run             DEBUG    Received '0105'
2026-07-14 21:27:17,183  root       handle_request  DEBUG    Handling: '0105', header '7E0', ECU '7E0'
2026-07-14 21:27:17,183  root       handle_request  DEBUG    Description: Engine Coolant Temperature, PID COOLANT_TEMP (0105)
2026-07-14 21:27:17,183  root       handle_response DEBUG    Processing: '<pos_answer>7B</pos_answer>'
2026-07-14 21:27:17,184  root       handle_response DEBUG    Write: '41057B\r\r>'
2026-07-14 21:27:17,226  root       run             DEBUG    Received '0111'
2026-07-14 21:27:17,226  root       handle_request  DEBUG    Handling: '0111', header '7E0', ECU '7E0'
2026-07-14 21:27:17,226  root       handle_request  DEBUG    Description: Throttle Position, PID THROTTLE_POS (0111)
2026-07-14 21:27:17,226  root       handle_response DEBUG    Processing: '<pos_answer>FF</pos_answer>'
2026-07-14 21:27:17,227  root       handle_response DEBUG    Write: '4111FF\r\r>'
2026-07-14 21:27:17,308  root       run             DEBUG    Received '010D'
2026-07-14 21:27:17,309  root       handle_request  DEBUG    Handling: '010D', header '7E0', ECU '7E0'
2026-07-14 21:27:17,309  root       handle_request  DEBUG    Description: Vehicle Speed, PID SPEED (010D)
2026-07-14 21:27:17,309  root       handle_response DEBUG    Processing: '<pos_answer>74</pos_answer> <header>7EA</header><size>03</size><data>41 0D 74</data>'
2026-07-14 21:27:17,310  root       handle_response DEBUG    Write: '410D74\r410D74\r\r>'
2026-07-14 21:27:17,352  root       run             DEBUG    Received '010C'
2026-07-14 21:27:17,352  root       handle_request  DEBUG    Handling: '010C', header '7E0', ECU '7E0'
2026-07-14 21:27:17,352  root       handle_request  DEBUG    Description: Engine RPM, PID RPM (010C)
2026-07-14 21:27:17,353  root       handle_response DEBUG    Processing: '<pos_answer>44 70</pos_answer> <header>7EA</header><size>04</size><data>41 0C 44 70</data>'
2026-07-14 21:27:17,353  root       handle_response DEBUG    Write: '410C4470\r410C4470\r\r>'
2026-07-14 21:27:17,395  root       run             DEBUG    Received '0105'
2026-07-14 21:27:17,395  root       handle_request  DEBUG    Handling: '0105', header '7E0', ECU '7E0'
2026-07-14 21:27:17,395  root       handle_request  DEBUG    Description: Engine Coolant Temperature, PID COOLANT_TEMP (0105)
2026-07-14 21:27:17,396  root       handle_response DEBUG    Processing: '<pos_answer>7B</pos_answer>'
2026-07-14 21:27:17,396  root       handle_response DEBUG    Write: '41057B\r\r>'
2026-07-14 21:27:17,437  root       run             DEBUG    Received '0111'
2026-07-14 21:27:17,437  root       handle_request  DEBUG    Handling: '0111', header '7E0', ECU '7E0'
2026-07-14 21:27:17,437  root       handle_request  DEBUG    Description: Throttle Position, PID THROTTLE_POS (0111)
2026-07-14 21:27:17,438  root       handle_response DEBUG    Processing: '<pos_answer>FF</pos_answer>'
2026-07-14 21:27:17,438  root       handle_response DEBUG    Write: '4111FF\r\r>'
2026-07-14 21:27:17,520  root       run             DEBUG    Received '010D'
2026-07-14 21:27:17,520  root       handle_request  DEBUG    Handling: '010D', header '7E0', ECU '7E0'
2026-07-14 21:27:17,521  root       handle_request  DEBUG    Description: Vehicle Speed, PID SPEED (010D)
2026-07-14 21:27:17,521  root       handle_response DEBUG    Processing: '<pos_answer>70</pos_answer> <header>7EA</header><size>03</size><data>41 0D 70</data>'
2026-07-14 21:27:17,521  root       handle_response DEBUG    Write: '410D70\r410D70\r\r>'
2026-07-14 21:27:17,565  root       run             DEBUG    Received '010C'
2026-07-14 21:27:17,565  root       handle_request  DEBUG    Handling: '010C', header '7E0', ECU '7E0'
2026-07-14 21:27:17,566  root       handle_request  DEBUG    Description: Engine RPM, PID RPM (010C)
2026-07-14 21:27:17,566  root       handle_response DEBUG    Processing: '<pos_answer>44 C0</pos_answer> <header>7EA</header><size>04</size><data>41 0C 44 C0</data>'
2026-07-14 21:27:17,566  root       handle_response DEBUG    Write: '410C44C0\r410C44C0\r\r>'
2026-07-14 21:27:17,607  root       run             DEBUG    Received '0105'
2026-07-14 21:27:17,608  root       handle_request  DEBUG    Handling: '0105', header '7E0', ECU '7E0'
2026-07-14 21:27:17,608  root       handle_request  DEBUG    Description: Engine Coolant Temperature, PID COOLANT_TEMP (0105)
2026-07-14 21:27:17,608  root       handle_response DEBUG    Processing: '<pos_answer>7B</pos_answer>'
2026-07-14 21:27:17,608  root       handle_response DEBUG    Write: '41057B\r\r>'
2026-07-14 21:27:17,651  root       run             DEBUG    Received '0111'
2026-07-14 21:27:17,652  root       handle_request  DEBUG    Handling: '0111', header '7E0', ECU '7E0'
2026-07-14 21:27:17,652  root       handle_request  DEBUG    Description: Throttle Position, PID THROTTLE_POS (0111)
2026-07-14 21:27:17,652  root       handle_response DEBUG    Processing: '<pos_answer>FF</pos_answer>'
2026-07-14 21:27:17,653  root       handle_response DEBUG    Write: '4111FF\r\r>'
2026-07-14 21:27:17,739  root       run             DEBUG    Received '010D'
2026-07-14 21:27:17,739  root       handle_request  DEBUG    Handling: '010D', header '7E0', ECU '7E0'
2026-07-14 21:27:17,739  root       handle_request  DEBUG    Description: Vehicle Speed, PID SPEED (010D)
2026-07-14 21:27:17,740  root       handle_response DEBUG    Processing: '<pos_answer>6C</pos_answer> <header>7EA</header><size>03</size><data>41 0D 6C</data>'
2026-07-14 21:27:17,740  root       handle_response DEBUG    Write: '410D6C\r410D6C\r\r>'
2026-07-14 21:27:17,783  root       run             DEBUG    Received '010C'
2026-07-14 21:27:17,784  root       handle_request  DEBUG    Handling: '010C', header '7E0', ECU '7E0'
2026-07-14 21:27:17,784  root       handle_request  DEBUG    Description: Engine RPM, PID RPM (010C)
2026-07-14 21:27:17,784  root       handle_response DEBUG    Processing: '<pos_answer>45 10</pos_answer> <header>7EA</header><size>04</size><data>41 0C 45 10</data>'
2026-07-14 21:27:17,784  root       handle_response DEBUG    Write: '410C4510\r410C4510\r\r>'
2026-07-14 21:27:17,827  root       run             DEBUG    Received '0105'
2026-07-14 21:27:17,827  root       handle_request  DEBUG    Handling: '0105', header '7E0', ECU '7E0'
2026-07-14 21:27:17,827  root       handle_request  DEBUG    Description: Engine Coolant Temperature, PID COOLANT_TEMP (0105)
2026-07-14 21:27:17,828  root       handle_response DEBUG    Processing: '<pos_answer>7B</pos_answer>'
2026-07-14 21:27:17,828  root       handle_response DEBUG    Write: '41057B\r\r>'
2026-07-14 21:27:17,870  root       run             DEBUG    Received '0111'
2026-07-14 21:27:17,870  root       handle_request  DEBUG    Handling: '0111', header '7E0', ECU '7E0'
2026-07-14 21:27:17,870  root       handle_request  DEBUG    Description: Throttle Position, PID THROTTLE_POS (0111)
2026-07-14 21:27:17,871  root       handle_response DEBUG    Processing: '<pos_answer>FF</pos_answer>'
2026-07-14 21:27:17,871  root       handle_response DEBUG    Write: '4111FF\r\r>'
2026-07-14 21:27:17,958  root       run             DEBUG    Received '010D'
2026-07-14 21:27:17,959  root       handle_request  DEBUG    Handling: '010D', header '7E0', ECU '7E0'
2026-07-14 21:27:17,959  root       handle_request  DEBUG    Description: Vehicle Speed, PID SPEED (010D)
2026-07-14 21:27:17,959  root       handle_response DEBUG    Processing: '<pos_answer>68</pos_answer> <header>7EA</header><size>03</size><data>41 0D 68</data>'
2026-07-14 21:27:17,960  root       handle_response DEBUG    Write: '410D68\r410D68\r\r>'
2026-07-14 21:27:18,002  root       run             DEBUG    Received '010C'
2026-07-14 21:27:18,003  root       handle_request  DEBUG    Handling: '010C', header '7E0', ECU '7E0'
2026-07-14 21:27:18,003  root       handle_request  DEBUG    Description: Engine RPM, PID RPM (010C)
2026-07-14 21:27:18,003  root       handle_response DEBUG    Processing: '<pos_answer>45 60</pos_answer> <header>7EA</header><size>04</size><data>41 0C 45 60</data>'
2026-07-14 21:27:18,003  root       handle_response DEBUG    Write: '410C4560\r410C4560\r\r>'
2026-07-14 21:27:18,048  root       run             DEBUG    Received '0105'
2026-07-14 21:27:18,049  root       handle_request  DEBUG    Handling: '0105', header '7E0', ECU '7E0'
2026-07-14 21:27:18,049  root       handle_request  DEBUG    Description: Engine Coolant Temperature, PID COOLANT_TEMP (0105)
2026-07-14 21:27:18,049  root       handle_response DEBUG    Processing: '<pos_answer>7B</pos_answer>'
2026-07-14 21:27:18,049  root       handle_response DEBUG    Write: '41057B\r\r>'
2026-07-14 21:27:18,090  root       run             DEBUG    Received '0111'
2026-07-14 21:27:18,091  root       handle_request  DEBUG    Handling: '0111', header '7E0', ECU '7E0'
2026-07-14 21:27:18,091  root       handle_request  DEBUG    Description: Throttle Position, PID THROTTLE_POS (0111)
2026-07-14 21:27:18,091  root       handle_response DEBUG    Processing: '<pos_answer>FF</pos_answer>'
2026-07-14 21:27:18,092  root       handle_response DEBUG    Write: '4111FF\r\r>'
2026-07-14 21:27:18,176  root       run             DEBUG    Received '010D'
2026-07-14 21:27:18,176  root       handle_request  DEBUG    Handling: '010D', header '7E0', ECU '7E0'
2026-07-14 21:27:18,176  root       handle_request  DEBUG    Description: Vehicle Speed, PID SPEED (010D)
2026-07-14 21:27:18,177  root       handle_response DEBUG    Processing: '<pos_answer>64</pos_answer> <header>7EA</header><size>03</size><data>41 0D 64</data>'
2026-07-14 21:27:18,177  root       handle_response DEBUG    Write: '410D64\r410D64\r\r>'
2026-07-14 21:27:18,218  root       run             DEBUG    Received '010C'
2026-07-14 21:27:18,219  root       handle_request  DEBUG    Handling: '010C', header '7E0', ECU '7E0'
2026-07-14 21:27:18,219  root       handle_request  DEBUG    Description: Engine RPM, PID RPM (010C)
2026-07-14 21:27:18,219  root       handle_response DEBUG    Processing: '<pos_answer>45 B0</pos_answer> <header>7EA</header><size>04</size><data>41 0C 45 B0</data>'
2026-07-14 21:27:18,220  root       handle_response DEBUG    Write: '410C45B0\r410C45B0\r\r>'
2026-07-14 21:27:18,262  root       run             DEBUG    Received '0105'
2026-07-14 21:27:18,263  root       handle_request  DEBUG    Handling: '0105', header '7E0', ECU '7E0'
2026-07-14 21:27:18,263  root       handle_request  DEBUG    Description: Engine Coolant Temperature, PID COOLANT_TEMP (0105)
2026-07-14 21:27:18,263  root       handle_response DEBUG    Processing: '<pos_answer>7B</pos_answer>'
2026-07-14 21:27:18,263  root       handle_response DEBUG    Write: '41057B\r\r>'
2026-07-14 21:27:18,307  root       run             DEBUG    Received '0111'
2026-07-14 21:27:18,308  root       handle_request  DEBUG    Handling: '0111', header '7E0', ECU '7E0'
2026-07-14 21:27:18,308  root       handle_request  DEBUG    Description: Throttle Position, PID THROTTLE_POS (0111)
2026-07-14 21:27:18,308  root       handle_response DEBUG    Processing: '<pos_answer>FF</pos_answer>'
2026-07-14 21:27:18,308  root       handle_response DEBUG    Write: '4111FF\r\r>'
2026-07-14 21:27:18,391  root       run             DEBUG    Received '010D'
2026-07-14 21:27:18,392  root       handle_request  DEBUG    Handling: '010D', header '7E0', ECU '7E0'
2026-07-14 21:27:18,392  root       handle_request  DEBUG    Description: Vehicle Speed, PID SPEED (010D)
2026-07-14 21:27:18,392  root       handle_response DEBUG    Processing: '<pos_answer>60</pos_answer> <header>7EA</header><size>03</size><data>41 0D 60</data>'
2026-07-14 21:27:18,393  root       handle_response DEBUG    Write: '410D60\r410D60\r\r>'
2026-07-14 21:27:18,435  root       run             DEBUG    Received '010C'
2026-07-14 21:27:18,435  root       handle_request  DEBUG    Handling: '010C', header '7E0', ECU '7E0'
2026-07-14 21:27:18,435  root       handle_request  DEBUG    Description: Engine RPM, PID RPM (010C)
2026-07-14 21:27:18,435  root       handle_response DEBUG    Processing: '<pos_answer>46 00</pos_answer> <header>7EA</header><size>04</size><data>41 0C 46 00</data>'
2026-07-14 21:27:18,436  root       handle_response DEBUG    Write: '410C4600\r410C4600\r\r>'
2026-07-14 21:27:18,480  root       run             DEBUG    Received '0105'
2026-07-14 21:27:18,481  root       handle_request  DEBUG    Handling: '0105', header '7E0', ECU '7E0'
2026-07-14 21:27:18,481  root       handle_request  DEBUG    Description: Engine Coolant Temperature, PID COOLANT_TEMP (0105)
2026-07-14 21:27:18,481  root       handle_response DEBUG    Processing: '<pos_answer>7B</pos_answer>'
2026-07-14 21:27:18,481  root       handle_response DEBUG    Write: '41057B\r\r>'
2026-07-14 21:27:18,523  root       run             DEBUG    Received '015E'
2026-07-14 21:27:18,524  root       handle_request  DEBUG    Handling: '015E', header '7E0', ECU '7E0'
2026-07-14 21:27:18,524  root       handle_request  INFO     Unknown request: '015E', header=7E0
2026-07-14 21:27:18,524  root       handle_response DEBUG    Processing: '<writeln>NO DATA</writeln>'
2026-07-14 21:27:18,525  root       handle_response DEBUG    Write: 'NO DATA\r\r>'
2026-07-14 21:27:18,526  root       run             DEBUG    Received '0110'
2026-07-14 21:27:18,526  root       handle_request  DEBUG    Handling: '0110', header '7E0', ECU '7E0'
2026-07-14 21:27:18,526  root       handle_request  DEBUG    Description: Air Flow Rate (MAF), PID MAF (0110)
2026-07-14 21:27:18,526  root       handle_response DEBUG    Processing: '<pos_answer>05 1F</pos_answer>'
2026-07-14 21:27:18,526  root       handle_response DEBUG    Write: '4110051F\r\r>'
2026-07-14 21:27:18,527  root       run             DEBUG    Received '0151'
2026-07-14 21:27:18,527  root       handle_request  DEBUG    Handling: '0151', header '7E0', ECU '7E0'
2026-07-14 21:27:18,528  root       handle_request  DEBUG    Description: Fuel Type, PID FUEL_TYPE (0151)
2026-07-14 21:27:18,528  root       handle_response DEBUG    Processing: '<pos_answer>01</pos_answer>'
2026-07-14 21:27:18,528  root       handle_response DEBUG    Write: '415101\r\r>'
2026-07-14 21:27:18,569  root       run             DEBUG    Received '0104'
2026-07-14 21:27:18,569  root       handle_request  DEBUG    Handling: '0104', header '7E0', ECU '7E0'
2026-07-14 21:27:18,569  root       handle_request  DEBUG    Description: Calculated Engine Load, PID ENGINE_LOAD (0104)
2026-07-14 21:27:18,570  root       handle_response DEBUG    Processing: '<pos_answer>00</pos_answer>'
2026-07-14 21:27:18,570  root       handle_response DEBUG    Write: '410400\r\r>'
2026-07-14 21:27:18,612  root       run             DEBUG    Received '010F'
2026-07-14 21:27:18,612  root       handle_request  DEBUG    Handling: '010F', header '7E0', ECU '7E0'
2026-07-14 21:27:18,612  root       handle_request  DEBUG    Description: Intake Air Temp, PID INTAKE_TEMP (010F)
2026-07-14 21:27:18,613  root       handle_response DEBUG    Processing: '<pos_answer>44</pos_answer>'
2026-07-14 21:27:18,613  root       handle_response DEBUG    Write: '410F44\r\r>'
2026-07-14 21:27:18,655  root       run             DEBUG    Received '0111'
2026-07-14 21:27:18,655  root       handle_request  DEBUG    Handling: '0111', header '7E0', ECU '7E0'
2026-07-14 21:27:18,656  root       handle_request  DEBUG    Description: Throttle Position, PID THROTTLE_POS (0111)
2026-07-14 21:27:18,656  root       handle_response DEBUG    Processing: '<pos_answer>FF</pos_answer>'
2026-07-14 21:27:18,656  root       handle_response DEBUG    Write: '4111FF\r\r>'
2026-07-14 21:27:18,742  root       run             DEBUG    Received '010D'
2026-07-14 21:27:18,742  root       handle_request  DEBUG    Handling: '010D', header '7E0', ECU '7E0'
2026-07-14 21:27:18,742  root       handle_request  DEBUG    Description: Vehicle Speed, PID SPEED (010D)
2026-07-14 21:27:18,743  root       handle_response DEBUG    Processing: '<pos_answer>5C</pos_answer> <header>7EA</header><size>03</size><data>41 0D 5C</data>'
2026-07-14 21:27:18,743  root       handle_response DEBUG    Write: '410D5C\r410D5C\r\r>'
2026-07-14 21:27:18,786  root       run             DEBUG    Received '010C'
2026-07-14 21:27:18,787  root       handle_request  DEBUG    Handling: '010C', header '7E0', ECU '7E0'
2026-07-14 21:27:18,787  root       handle_request  DEBUG    Description: Engine RPM, PID RPM (010C)
2026-07-14 21:27:18,787  root       handle_response DEBUG    Processing: '<pos_answer>46 50</pos_answer> <header>7EA</header><size>04</size><data>41 0C 46 50</data>'
2026-07-14 21:27:18,787  root       handle_response DEBUG    Write: '410C4650\r410C4650\r\r>'
2026-07-14 21:27:18,830  root       run             DEBUG    Received '0105'
2026-07-14 21:27:18,830  root       handle_request  DEBUG    Handling: '0105', header '7E0', ECU '7E0'
2026-07-14 21:27:18,830  root       handle_request  DEBUG    Description: Engine Coolant Temperature, PID COOLANT_TEMP (0105)
2026-07-14 21:27:18,831  root       handle_response DEBUG    Processing: '<pos_answer>7B</pos_answer>'
2026-07-14 21:27:18,831  root       handle_response DEBUG    Write: '41057B\r\r>'
2026-07-14 21:27:18,873  root       run             DEBUG    Received '0111'
2026-07-14 21:27:18,873  root       handle_request  DEBUG    Handling: '0111', header '7E0', ECU '7E0'
2026-07-14 21:27:18,873  root       handle_request  DEBUG    Description: Throttle Position, PID THROTTLE_POS (0111)
2026-07-14 21:27:18,873  root       handle_response DEBUG    Processing: '<pos_answer>FF</pos_answer>'
2026-07-14 21:27:18,873  root       handle_response DEBUG    Write: '4111FF\r\r>'
2026-07-14 21:27:18,957  root       run             DEBUG    Received '010D'
2026-07-14 21:27:18,958  root       handle_request  DEBUG    Handling: '010D', header '7E0', ECU '7E0'
2026-07-14 21:27:18,958  root       handle_request  DEBUG    Description: Vehicle Speed, PID SPEED (010D)
2026-07-14 21:27:18,958  root       handle_response DEBUG    Processing: '<pos_answer>58</pos_answer> <header>7EA</header><size>03</size><data>41 0D 58</data>'
2026-07-14 21:27:18,959  root       handle_response DEBUG    Write: '410D58\r410D58\r\r>'
2026-07-14 21:27:19,001  root       run             DEBUG    Received '010C'
2026-07-14 21:27:19,002  root       handle_request  DEBUG    Handling: '010C', header '7E0', ECU '7E0'
2026-07-14 21:27:19,002  root       handle_request  DEBUG    Description: Engine RPM, PID RPM (010C)
2026-07-14 21:27:19,002  root       handle_response DEBUG    Processing: '<pos_answer>46 A0</pos_answer> <header>7EA</header><size>04</size><data>41 0C 46 A0</data>'
2026-07-14 21:27:19,002  root       handle_response DEBUG    Write: '410C46A0\r410C46A0\r\r>'
2026-07-14 21:27:19,051  root       run             DEBUG    Received '0105'
2026-07-14 21:27:19,052  root       handle_request  DEBUG    Handling: '0105', header '7E0', ECU '7E0'
2026-07-14 21:27:19,052  root       handle_request  DEBUG    Description: Engine Coolant Temperature, PID COOLANT_TEMP (0105)
2026-07-14 21:27:19,052  root       handle_response DEBUG    Processing: '<pos_answer>7B</pos_answer>'
2026-07-14 21:27:19,052  root       handle_response DEBUG    Write: '41057B\r\r>'
2026-07-14 21:27:19,097  root       run             DEBUG    Received '0111'
2026-07-14 21:27:19,097  root       handle_request  DEBUG    Handling: '0111', header '7E0', ECU '7E0'
2026-07-14 21:27:19,097  root       handle_request  DEBUG    Description: Throttle Position, PID THROTTLE_POS (0111)
2026-07-14 21:27:19,098  root       handle_response DEBUG    Processing: '<pos_answer>FF</pos_answer>'
2026-07-14 21:27:19,098  root       handle_response DEBUG    Write: '4111FF\r\r>'
2026-07-14 21:27:19,180  root       run             DEBUG    Received '010D'
2026-07-14 21:27:19,180  root       handle_request  DEBUG    Handling: '010D', header '7E0', ECU '7E0'
2026-07-14 21:27:19,182  root       handle_request  DEBUG    Description: Vehicle Speed, PID SPEED (010D)
2026-07-14 21:27:19,182  root       handle_response DEBUG    Processing: '<pos_answer>54</pos_answer> <header>7EA</header><size>03</size><data>41 0D 54</data>'
2026-07-14 21:27:19,182  root       handle_response DEBUG    Write: '410D54\r410D54\r\r>'
2026-07-14 21:27:19,223  root       run             DEBUG    Received '010C'
2026-07-14 21:27:19,224  root       handle_request  DEBUG    Handling: '010C', header '7E0', ECU '7E0'
2026-07-14 21:27:19,224  root       handle_request  DEBUG    Description: Engine RPM, PID RPM (010C)
2026-07-14 21:27:19,224  root       handle_response DEBUG    Processing: '<pos_answer>46 F0</pos_answer> <header>7EA</header><size>04</size><data>41 0C 46 F0</data>'
2026-07-14 21:27:19,225  root       handle_response DEBUG    Write: '410C46F0\r410C46F0\r\r>'
2026-07-14 21:27:19,266  root       run             DEBUG    Received '0105'
2026-07-14 21:27:19,267  root       handle_request  DEBUG    Handling: '0105', header '7E0', ECU '7E0'
2026-07-14 21:27:19,267  root       handle_request  DEBUG    Description: Engine Coolant Temperature, PID COOLANT_TEMP (0105)
2026-07-14 21:27:19,267  root       handle_response DEBUG    Processing: '<pos_answer>7B</pos_answer>'
2026-07-14 21:27:19,267  root       handle_response DEBUG    Write: '41057B\r\r>'
2026-07-14 21:27:19,310  root       run             DEBUG    Received '0111'
2026-07-14 21:27:19,311  root       handle_request  DEBUG    Handling: '0111', header '7E0', ECU '7E0'
2026-07-14 21:27:19,311  root       handle_request  DEBUG    Description: Throttle Position, PID THROTTLE_POS (0111)
2026-07-14 21:27:19,311  root       handle_response DEBUG    Processing: '<pos_answer>FF</pos_answer>'
2026-07-14 21:27:19,311  root       handle_response DEBUG    Write: '4111FF\r\r>'
2026-07-14 21:27:19,394  root       run             DEBUG    Received '010D'
2026-07-14 21:27:19,395  root       handle_request  DEBUG    Handling: '010D', header '7E0', ECU '7E0'
2026-07-14 21:27:19,395  root       handle_request  DEBUG    Description: Vehicle Speed, PID SPEED (010D)
2026-07-14 21:27:19,395  root       handle_response DEBUG    Processing: '<pos_answer>50</pos_answer> <header>7EA</header><size>03</size><data>41 0D 50</data>'
2026-07-14 21:27:19,396  root       handle_response DEBUG    Write: '410D50\r410D50\r\r>'
2026-07-14 21:27:19,437  root       run             DEBUG    Received '010C'
2026-07-14 21:27:19,438  root       handle_request  DEBUG    Handling: '010C', header '7E0', ECU '7E0'
2026-07-14 21:27:19,438  root       handle_request  DEBUG    Description: Engine RPM, PID RPM (010C)
2026-07-14 21:27:19,438  root       handle_response DEBUG    Processing: '<pos_answer>47 40</pos_answer> <header>7EA</header><size>04</size><data>41 0C 47 40</data>'
2026-07-14 21:27:19,438  root       handle_response DEBUG    Write: '410C4740\r410C4740\r\r>'
2026-07-14 21:27:19,481  root       run             DEBUG    Received '0105'
2026-07-14 21:27:19,482  root       handle_request  DEBUG    Handling: '0105', header '7E0', ECU '7E0'
2026-07-14 21:27:19,482  root       handle_request  DEBUG    Description: Engine Coolant Temperature, PID COOLANT_TEMP (0105)
2026-07-14 21:27:19,482  root       handle_response DEBUG    Processing: '<pos_answer>7B</pos_answer>'
2026-07-14 21:27:19,482  root       handle_response DEBUG    Write: '41057B\r\r>'
2026-07-14 21:27:19,523  root       run             DEBUG    Received '0111'
2026-07-14 21:27:19,523  root       handle_request  DEBUG    Handling: '0111', header '7E0', ECU '7E0'
2026-07-14 21:27:19,523  root       handle_request  DEBUG    Description: Throttle Position, PID THROTTLE_POS (0111)
2026-07-14 21:27:19,523  root       handle_response DEBUG    Processing: '<pos_answer>FF</pos_answer>'
2026-07-14 21:27:19,525  root       handle_response DEBUG    Write: '4111FF\r\r>'
2026-07-14 21:27:19,607  root       run             DEBUG    Received '010D'
2026-07-14 21:27:19,608  root       handle_request  DEBUG    Handling: '010D', header '7E0', ECU '7E0'
2026-07-14 21:27:19,608  root       handle_request  DEBUG    Description: Vehicle Speed, PID SPEED (010D)
2026-07-14 21:27:19,608  root       handle_response DEBUG    Processing: '<pos_answer>4C</pos_answer> <header>7EA</header><size>03</size><data>41 0D 4C</data>'
2026-07-14 21:27:19,608  root       handle_response DEBUG    Write: '410D4C\r410D4C\r\r>'
2026-07-14 21:27:19,650  root       run             DEBUG    Received '010C'
2026-07-14 21:27:19,650  root       handle_request  DEBUG    Handling: '010C', header '7E0', ECU '7E0'
2026-07-14 21:27:19,651  root       handle_request  DEBUG    Description: Engine RPM, PID RPM (010C)
2026-07-14 21:27:19,651  root       handle_response DEBUG    Processing: '<pos_answer>47 90</pos_answer> <header>7EA</header><size>04</size><data>41 0C 47 90</data>'
2026-07-14 21:27:19,651  root       handle_response DEBUG    Write: '410C4790\r410C4790\r\r>'
2026-07-14 21:27:19,696  root       run             DEBUG    Received '0105'
2026-07-14 21:27:19,696  root       handle_request  DEBUG    Handling: '0105', header '7E0', ECU '7E0'
2026-07-14 21:27:19,696  root       handle_request  DEBUG    Description: Engine Coolant Temperature, PID COOLANT_TEMP (0105)
2026-07-14 21:27:19,697  root       handle_response DEBUG    Processing: '<pos_answer>7B</pos_answer>'
2026-07-14 21:27:19,697  root       handle_response DEBUG    Write: '41057B\r\r>'
2026-07-14 21:27:19,738  root       run             DEBUG    Received '0111'
2026-07-14 21:27:19,739  root       handle_request  DEBUG    Handling: '0111', header '7E0', ECU '7E0'
2026-07-14 21:27:19,739  root       handle_request  DEBUG    Description: Throttle Position, PID THROTTLE_POS (0111)
2026-07-14 21:27:19,739  root       handle_response DEBUG    Processing: '<pos_answer>FF</pos_answer>'
2026-07-14 21:27:19,739  root       handle_response DEBUG    Write: '4111FF\r\r>'
2026-07-14 21:27:19,822  root       run             DEBUG    Received '010D'
2026-07-14 21:27:19,823  root       handle_request  DEBUG    Handling: '010D', header '7E0', ECU '7E0'
2026-07-14 21:27:19,823  root       handle_request  DEBUG    Description: Vehicle Speed, PID SPEED (010D)
2026-07-14 21:27:19,823  root       handle_response DEBUG    Processing: '<pos_answer>48</pos_answer> <header>7EA</header><size>03</size><data>41 0D 48</data>'
2026-07-14 21:27:19,823  root       handle_response DEBUG    Write: '410D48\r410D48\r\r>'
2026-07-14 21:27:19,868  root       run             DEBUG    Received '010C'
2026-07-14 21:27:19,868  root       handle_request  DEBUG    Handling: '010C', header '7E0', ECU '7E0'
2026-07-14 21:27:19,869  root       handle_request  DEBUG    Description: Engine RPM, PID RPM (010C)
2026-07-14 21:27:19,869  root       handle_response DEBUG    Processing: '<pos_answer>47 E0</pos_answer> <header>7EA</header><size>04</size><data>41 0C 47 E0</data>'
2026-07-14 21:27:19,869  root       handle_response DEBUG    Write: '410C47E0\r410C47E0\r\r>'
2026-07-14 21:27:19,911  root       run             DEBUG    Received '0105'
2026-07-14 21:27:19,912  root       handle_request  DEBUG    Handling: '0105', header '7E0', ECU '7E0'
2026-07-14 21:27:19,912  root       handle_request  DEBUG    Description: Engine Coolant Temperature, PID COOLANT_TEMP (0105)
2026-07-14 21:27:19,912  root       handle_response DEBUG    Processing: '<pos_answer>7B</pos_answer>'
2026-07-14 21:27:19,912  root       handle_response DEBUG    Write: '41057B\r\r>'
2026-07-14 21:27:19,954  root       run             DEBUG    Received '0111'
2026-07-14 21:27:19,955  root       handle_request  DEBUG    Handling: '0111', header '7E0', ECU '7E0'
2026-07-14 21:27:19,955  root       handle_request  DEBUG    Description: Throttle Position, PID THROTTLE_POS (0111)
2026-07-14 21:27:19,955  root       handle_response DEBUG    Processing: '<pos_answer>FF</pos_answer>'
2026-07-14 21:27:19,955  root       handle_response DEBUG    Write: '4111FF\r\r>'
2026-07-14 21:27:20,037  root       run             DEBUG    Received '010D'
2026-07-14 21:27:20,038  root       handle_request  DEBUG    Handling: '010D', header '7E0', ECU '7E0'
2026-07-14 21:27:20,038  root       handle_request  DEBUG    Description: Vehicle Speed, PID SPEED (010D)
2026-07-14 21:27:20,038  root       handle_response DEBUG    Processing: '<pos_answer>44</pos_answer> <header>7EA</header><size>03</size><data>41 0D 44</data>'
2026-07-14 21:27:20,038  root       handle_response DEBUG    Write: '410D44\r410D44\r\r>'
2026-07-14 21:27:20,083  root       run             DEBUG    Received '010C'
2026-07-14 21:27:20,084  root       handle_request  DEBUG    Handling: '010C', header '7E0', ECU '7E0'
2026-07-14 21:27:20,084  root       handle_request  DEBUG    Description: Engine RPM, PID RPM (010C)
2026-07-14 21:27:20,084  root       handle_response DEBUG    Processing: '<pos_answer>47 90</pos_answer> <header>7EA</header><size>04</size><data>41 0C 47 90</data>'
2026-07-14 21:27:20,084  root       handle_response DEBUG    Write: '410C4790\r410C4790\r\r>'
2026-07-14 21:27:20,127  root       run             DEBUG    Received '0105'
2026-07-14 21:27:20,127  root       handle_request  DEBUG    Handling: '0105', header '7E0', ECU '7E0'
2026-07-14 21:27:20,128  root       handle_request  DEBUG    Description: Engine Coolant Temperature, PID COOLANT_TEMP (0105)
2026-07-14 21:27:20,128  root       handle_response DEBUG    Processing: '<pos_answer>7B</pos_answer>'
2026-07-14 21:27:20,128  root       handle_response DEBUG    Write: '41057B\r\r>'
2026-07-14 21:27:20,169  root       run             DEBUG    Received '0111'
2026-07-14 21:27:20,169  root       handle_request  DEBUG    Handling: '0111', header '7E0', ECU '7E0'
2026-07-14 21:27:20,169  root       handle_request  DEBUG    Description: Throttle Position, PID THROTTLE_POS (0111)
2026-07-14 21:27:20,170  root       handle_response DEBUG    Processing: '<pos_answer>FF</pos_answer>'
2026-07-14 21:27:20,170  root       handle_response DEBUG    Write: '4111FF\r\r>'
2026-07-14 21:27:20,252  root       run             DEBUG    Received '010D'
2026-07-14 21:27:20,253  root       handle_request  DEBUG    Handling: '010D', header '7E0', ECU '7E0'
2026-07-14 21:27:20,253  root       handle_request  DEBUG    Description: Vehicle Speed, PID SPEED (010D)
2026-07-14 21:27:20,253  root       handle_response DEBUG    Processing: '<pos_answer>40</pos_answer> <header>7EA</header><size>03</size><data>41 0D 40</data>'
2026-07-14 21:27:20,254  root       handle_response DEBUG    Write: '410D40\r410D40\r\r>'
2026-07-14 21:27:20,295  root       run             DEBUG    Received '010C'
2026-07-14 21:27:20,296  root       handle_request  DEBUG    Handling: '010C', header '7E0', ECU '7E0'
2026-07-14 21:27:20,296  root       handle_request  DEBUG    Description: Engine RPM, PID RPM (010C)
2026-07-14 21:27:20,296  root       handle_response DEBUG    Processing: '<pos_answer>47 40</pos_answer> <header>7EA</header><size>04</size><data>41 0C 47 40</data>'
2026-07-14 21:27:20,296  root       handle_response DEBUG    Write: '410C4740\r410C4740\r\r>'
2026-07-14 21:27:20,339  root       run             DEBUG    Received '0105'
2026-07-14 21:27:20,339  root       handle_request  DEBUG    Handling: '0105', header '7E0', ECU '7E0'
2026-07-14 21:27:20,339  root       handle_request  DEBUG    Description: Engine Coolant Temperature, PID COOLANT_TEMP (0105)
2026-07-14 21:27:20,341  root       handle_response DEBUG    Processing: '<pos_answer>7B</pos_answer>'
2026-07-14 21:27:20,341  root       handle_response DEBUG    Write: '41057B\r\r>'
2026-07-14 21:27:20,382  root       run             DEBUG    Received '0111'
2026-07-14 21:27:20,383  root       handle_request  DEBUG    Handling: '0111', header '7E0', ECU '7E0'
2026-07-14 21:27:20,383  root       handle_request  DEBUG    Description: Throttle Position, PID THROTTLE_POS (0111)
2026-07-14 21:27:20,383  root       handle_response DEBUG    Processing: '<pos_answer>FF</pos_answer>'
2026-07-14 21:27:20,384  root       handle_response DEBUG    Write: '4111FF\r\r>'
2026-07-14 21:27:20,467  root       run             DEBUG    Received '010D'
2026-07-14 21:27:20,468  root       handle_request  DEBUG    Handling: '010D', header '7E0', ECU '7E0'
2026-07-14 21:27:20,468  root       handle_request  DEBUG    Description: Vehicle Speed, PID SPEED (010D)
2026-07-14 21:27:20,468  root       handle_response DEBUG    Processing: '<pos_answer>3C</pos_answer> <header>7EA</header><size>03</size><data>41 0D 3C</data>'
2026-07-14 21:27:20,469  root       handle_response DEBUG    Write: '410D3C\r410D3C\r\r>'
2026-07-14 21:27:20,510  root       run             DEBUG    Received '010C'
2026-07-14 21:27:20,511  root       handle_request  DEBUG    Handling: '010C', header '7E0', ECU '7E0'
2026-07-14 21:27:20,511  root       handle_request  DEBUG    Description: Engine RPM, PID RPM (010C)
2026-07-14 21:27:20,511  root       handle_response DEBUG    Processing: '<pos_answer>46 F0</pos_answer> <header>7EA</header><size>04</size><data>41 0C 46 F0</data>'
2026-07-14 21:27:20,512  root       handle_response DEBUG    Write: '410C46F0\r410C46F0\r\r>'
2026-07-14 21:27:20,552  root       run             DEBUG    Received '0105'
2026-07-14 21:27:20,553  root       handle_request  DEBUG    Handling: '0105', header '7E0', ECU '7E0'
2026-07-14 21:27:20,553  root       handle_request  DEBUG    Description: Engine Coolant Temperature, PID COOLANT_TEMP (0105)
2026-07-14 21:27:20,553  root       handle_response DEBUG    Processing: '<pos_answer>7B</pos_answer>'
2026-07-14 21:27:20,553  root       handle_response DEBUG    Write: '41057B\r\r>'
2026-07-14 21:27:20,596  root       run             DEBUG    Received '0111'
2026-07-14 21:27:20,596  root       handle_request  DEBUG    Handling: '0111', header '7E0', ECU '7E0'
2026-07-14 21:27:20,597  root       handle_request  DEBUG    Description: Throttle Position, PID THROTTLE_POS (0111)
2026-07-14 21:27:20,597  root       handle_response DEBUG    Processing: '<pos_answer>FF</pos_answer>'
2026-07-14 21:27:20,597  root       handle_response DEBUG    Write: '4111FF\r\r>'
2026-07-14 21:27:20,679  root       run             DEBUG    Received '010D'
2026-07-14 21:27:20,679  root       handle_request  DEBUG    Handling: '010D', header '7E0', ECU '7E0'
2026-07-14 21:27:20,680  root       handle_request  DEBUG    Description: Vehicle Speed, PID SPEED (010D)
2026-07-14 21:27:20,680  root       handle_response DEBUG    Processing: '<pos_answer>38</pos_answer> <header>7EA</header><size>03</size><data>41 0D 38</data>'
2026-07-14 21:27:20,680  root       handle_response DEBUG    Write: '410D38\r410D38\r\r>'
2026-07-14 21:27:20,724  root       run             DEBUG    Received '010C'
2026-07-14 21:27:20,725  root       handle_request  DEBUG    Handling: '010C', header '7E0', ECU '7E0'
2026-07-14 21:27:20,725  root       handle_request  DEBUG    Description: Engine RPM, PID RPM (010C)
2026-07-14 21:27:20,725  root       handle_response DEBUG    Processing: '<pos_answer>46 A0</pos_answer> <header>7EA</header><size>04</size><data>41 0C 46 A0</data>'
2026-07-14 21:27:20,726  root       handle_response DEBUG    Write: '410C46A0\r410C46A0\r\r>'
2026-07-14 21:27:20,767  root       run             DEBUG    Received '0105'
2026-07-14 21:27:20,767  root       handle_request  DEBUG    Handling: '0105', header '7E0', ECU '7E0'
2026-07-14 21:27:20,767  root       handle_request  DEBUG    Description: Engine Coolant Temperature, PID COOLANT_TEMP (0105)
2026-07-14 21:27:20,767  root       handle_response DEBUG    Processing: '<pos_answer>7B</pos_answer>'
2026-07-14 21:27:20,768  root       handle_response DEBUG    Write: '41057B\r\r>'
2026-07-14 21:27:20,811  root       run             DEBUG    Received '015E'
2026-07-14 21:27:20,812  root       handle_request  DEBUG    Handling: '015E', header '7E0', ECU '7E0'
2026-07-14 21:27:20,812  root       handle_request  INFO     Unknown request: '015E', header=7E0
2026-07-14 21:27:20,813  root       handle_response DEBUG    Processing: '<writeln>NO DATA</writeln>'
2026-07-14 21:27:20,813  root       handle_response DEBUG    Write: 'NO DATA\r\r>'
2026-07-14 21:27:20,815  root       run             DEBUG    Received '0110'
2026-07-14 21:27:20,815  root       handle_request  DEBUG    Handling: '0110', header '7E0', ECU '7E0'
2026-07-14 21:27:20,815  root       handle_request  DEBUG    Description: Air Flow Rate (MAF), PID MAF (0110)
2026-07-14 21:27:20,815  root       handle_response DEBUG    Processing: '<pos_answer>05 1F</pos_answer>'
2026-07-14 21:27:20,816  root       handle_response DEBUG    Write: '4110051F\r\r>'
2026-07-14 21:27:20,817  root       run             DEBUG    Received '0151'
2026-07-14 21:27:20,817  root       handle_request  DEBUG    Handling: '0151', header '7E0', ECU '7E0'
2026-07-14 21:27:20,817  root       handle_request  DEBUG    Description: Fuel Type, PID FUEL_TYPE (0151)
2026-07-14 21:27:20,817  root       handle_response DEBUG    Processing: '<pos_answer>01</pos_answer>'
2026-07-14 21:27:20,817  root       handle_response DEBUG    Write: '415101\r\r>'
2026-07-14 21:27:20,868  root       run             DEBUG    Received '0104'
2026-07-14 21:27:20,869  root       handle_request  DEBUG    Handling: '0104', header '7E0', ECU '7E0'
2026-07-14 21:27:20,869  root       handle_request  DEBUG    Description: Calculated Engine Load, PID ENGINE_LOAD (0104)
2026-07-14 21:27:20,869  root       handle_response DEBUG    Processing: '<pos_answer>00</pos_answer>'
2026-07-14 21:27:20,870  root       handle_response DEBUG    Write: '410400\r\r>'
2026-07-14 21:27:20,912  root       run             DEBUG    Received '010F'
2026-07-14 21:27:20,912  root       handle_request  DEBUG    Handling: '010F', header '7E0', ECU '7E0'
2026-07-14 21:27:20,912  root       handle_request  DEBUG    Description: Intake Air Temp, PID INTAKE_TEMP (010F)
2026-07-14 21:27:20,912  root       handle_response DEBUG    Processing: '<pos_answer>44</pos_answer>'
2026-07-14 21:27:20,913  root       handle_response DEBUG    Write: '410F44\r\r>'
2026-07-14 21:27:20,954  root       run             DEBUG    Received '0111'
2026-07-14 21:27:20,954  root       handle_request  DEBUG    Handling: '0111', header '7E0', ECU '7E0'
2026-07-14 21:27:20,955  root       handle_request  DEBUG    Description: Throttle Position, PID THROTTLE_POS (0111)
2026-07-14 21:27:20,955  root       handle_response DEBUG    Processing: '<pos_answer>FF</pos_answer>'
2026-07-14 21:27:20,955  root       handle_response DEBUG    Write: '4111FF\r\r>'
2026-07-14 21:27:21,037  root       run             DEBUG    Received '010D'
2026-07-14 21:27:21,038  root       handle_request  DEBUG    Handling: '010D', header '7E0', ECU '7E0'
2026-07-14 21:27:21,038  root       handle_request  DEBUG    Description: Vehicle Speed, PID SPEED (010D)
2026-07-14 21:27:21,038  root       handle_response DEBUG    Processing: '<pos_answer>34</pos_answer> <header>7EA</header><size>03</size><data>41 0D 34</data>'
2026-07-14 21:27:21,038  root       handle_response DEBUG    Write: '410D34\r410D34\r\r>'
2026-07-14 21:27:21,079  root       run             DEBUG    Received '010C'
2026-07-14 21:27:21,079  root       handle_request  DEBUG    Handling: '010C', header '7E0', ECU '7E0'
2026-07-14 21:27:21,081  root       handle_request  DEBUG    Description: Engine RPM, PID RPM (010C)
2026-07-14 21:27:21,081  root       handle_response DEBUG    Processing: '<pos_answer>46 50</pos_answer> <header>7EA</header><size>04</size><data>41 0C 46 50</data>'
2026-07-14 21:27:21,081  root       handle_response DEBUG    Write: '410C4650\r410C4650\r\r>'
2026-07-14 21:27:21,123  root       run             DEBUG    Received '0105'
2026-07-14 21:27:21,123  root       handle_request  DEBUG    Handling: '0105', header '7E0', ECU '7E0'
2026-07-14 21:27:21,123  root       handle_request  DEBUG    Description: Engine Coolant Temperature, PID COOLANT_TEMP (0105)
2026-07-14 21:27:21,124  root       handle_response DEBUG    Processing: '<pos_answer>7B</pos_answer>'
2026-07-14 21:27:21,124  root       handle_response DEBUG    Write: '41057B\r\r>'
2026-07-14 21:27:21,167  root       run             DEBUG    Received '0111'
2026-07-14 21:27:21,168  root       handle_request  DEBUG    Handling: '0111', header '7E0', ECU '7E0'
2026-07-14 21:27:21,168  root       handle_request  DEBUG    Description: Throttle Position, PID THROTTLE_POS (0111)
2026-07-14 21:27:21,168  root       handle_response DEBUG    Processing: '<pos_answer>FF</pos_answer>'
2026-07-14 21:27:21,169  root       handle_response DEBUG    Write: '4111FF\r\r>'
2026-07-14 21:27:21,251  root       run             DEBUG    Received '010D'
2026-07-14 21:27:21,252  root       handle_request  DEBUG    Handling: '010D', header '7E0', ECU '7E0'
2026-07-14 21:27:21,252  root       handle_request  DEBUG    Description: Vehicle Speed, PID SPEED (010D)
2026-07-14 21:27:21,252  root       handle_response DEBUG    Processing: '<pos_answer>30</pos_answer> <header>7EA</header><size>03</size><data>41 0D 30</data>'
2026-07-14 21:27:21,252  root       handle_response DEBUG    Write: '410D30\r410D30\r\r>'
2026-07-14 21:27:21,294  root       run             DEBUG    Received '010C'
2026-07-14 21:27:21,294  root       handle_request  DEBUG    Handling: '010C', header '7E0', ECU '7E0'
2026-07-14 21:27:21,295  root       handle_request  DEBUG    Description: Engine RPM, PID RPM (010C)
2026-07-14 21:27:21,295  root       handle_response DEBUG    Processing: '<pos_answer>46 00</pos_answer> <header>7EA</header><size>04</size><data>41 0C 46 00</data>'
2026-07-14 21:27:21,295  root       handle_response DEBUG    Write: '410C4600\r410C4600\r\r>'
2026-07-14 21:27:21,338  root       run             DEBUG    Received '0105'
2026-07-14 21:27:21,338  root       handle_request  DEBUG    Handling: '0105', header '7E0', ECU '7E0'
2026-07-14 21:27:21,339  root       handle_request  DEBUG    Description: Engine Coolant Temperature, PID COOLANT_TEMP (0105)
2026-07-14 21:27:21,339  root       handle_response DEBUG    Processing: '<pos_answer>7B</pos_answer>'
2026-07-14 21:27:21,339  root       handle_response DEBUG    Write: '41057B\r\r>'
2026-07-14 21:27:21,383  root       run             DEBUG    Received '0111'
2026-07-14 21:27:21,383  root       handle_request  DEBUG    Handling: '0111', header '7E0', ECU '7E0'
2026-07-14 21:27:21,384  root       handle_request  DEBUG    Description: Throttle Position, PID THROTTLE_POS (0111)
2026-07-14 21:27:21,384  root       handle_response DEBUG    Processing: '<pos_answer>FF</pos_answer>'
2026-07-14 21:27:21,384  root       handle_response DEBUG    Write: '4111FF\r\r>'
2026-07-14 21:27:21,467  root       run             DEBUG    Received '010D'
2026-07-14 21:27:21,468  root       handle_request  DEBUG    Handling: '010D', header '7E0', ECU '7E0'
2026-07-14 21:27:21,468  root       handle_request  DEBUG    Description: Vehicle Speed, PID SPEED (010D)
2026-07-14 21:27:21,468  root       handle_response DEBUG    Processing: '<pos_answer>2C</pos_answer> <header>7EA</header><size>03</size><data>41 0D 2C</data>'
2026-07-14 21:27:21,469  root       handle_response DEBUG    Write: '410D2C\r410D2C\r\r>'
2026-07-14 21:27:21,511  root       run             DEBUG    Received '010C'
2026-07-14 21:27:21,515  root       handle_request  DEBUG    Handling: '010C', header '7E0', ECU '7E0'
2026-07-14 21:27:21,515  root       handle_request  DEBUG    Description: Engine RPM, PID RPM (010C)
2026-07-14 21:27:21,515  root       handle_response DEBUG    Processing: '<pos_answer>45 B0</pos_answer> <header>7EA</header><size>04</size><data>41 0C 45 B0</data>'
2026-07-14 21:27:21,515  root       handle_response DEBUG    Write: '410C45B0\r410C45B0\r\r>'
2026-07-14 21:27:21,556  root       run             DEBUG    Received '0105'
2026-07-14 21:27:21,556  root       handle_request  DEBUG    Handling: '0105', header '7E0', ECU '7E0'
2026-07-14 21:27:21,557  root       handle_request  DEBUG    Description: Engine Coolant Temperature, PID COOLANT_TEMP (0105)
2026-07-14 21:27:21,557  root       handle_response DEBUG    Processing: '<pos_answer>7B</pos_answer>'
2026-07-14 21:27:21,557  root       handle_response DEBUG    Write: '41057B\r\r>'
2026-07-14 21:27:21,600  root       run             DEBUG    Received '0111'
2026-07-14 21:27:21,600  root       handle_request  DEBUG    Handling: '0111', header '7E0', ECU '7E0'
2026-07-14 21:27:21,600  root       handle_request  DEBUG    Description: Throttle Position, PID THROTTLE_POS (0111)
2026-07-14 21:27:21,601  root       handle_response DEBUG    Processing: '<pos_answer>FF</pos_answer>'
2026-07-14 21:27:21,601  root       handle_response DEBUG    Write: '4111FF\r\r>'
2026-07-14 21:27:21,683  root       run             DEBUG    Received '010D'
2026-07-14 21:27:21,684  root       handle_request  DEBUG    Handling: '010D', header '7E0', ECU '7E0'
2026-07-14 21:27:21,684  root       handle_request  DEBUG    Description: Vehicle Speed, PID SPEED (010D)
2026-07-14 21:27:21,684  root       handle_response DEBUG    Processing: '<pos_answer>28</pos_answer> <header>7EA</header><size>03</size><data>41 0D 28</data>'
2026-07-14 21:27:21,685  root       handle_response DEBUG    Write: '410D28\r410D28\r\r>'
2026-07-14 21:27:21,727  root       run             DEBUG    Received '010C'
2026-07-14 21:27:21,727  root       handle_request  DEBUG    Handling: '010C', header '7E0', ECU '7E0'
2026-07-14 21:27:21,727  root       handle_request  DEBUG    Description: Engine RPM, PID RPM (010C)
2026-07-14 21:27:21,728  root       handle_response DEBUG    Processing: '<pos_answer>45 60</pos_answer> <header>7EA</header><size>04</size><data>41 0C 45 60</data>'
2026-07-14 21:27:21,728  root       handle_response DEBUG    Write: '410C4560\r410C4560\r\r>'
2026-07-14 21:27:21,770  root       run             DEBUG    Received '0105'
2026-07-14 21:27:21,770  root       handle_request  DEBUG    Handling: '0105', header '7E0', ECU '7E0'
2026-07-14 21:27:21,770  root       handle_request  DEBUG    Description: Engine Coolant Temperature, PID COOLANT_TEMP (0105)
2026-07-14 21:27:21,770  root       handle_response DEBUG    Processing: '<pos_answer>7B</pos_answer>'
2026-07-14 21:27:21,771  root       handle_response DEBUG    Write: '41057B\r\r>'
2026-07-14 21:27:21,812  root       run             DEBUG    Received '0111'
2026-07-14 21:27:21,812  root       handle_request  DEBUG    Handling: '0111', header '7E0', ECU '7E0'
2026-07-14 21:27:21,813  root       handle_request  DEBUG    Description: Throttle Position, PID THROTTLE_POS (0111)
2026-07-14 21:27:21,813  root       handle_response DEBUG    Processing: '<pos_answer>FF</pos_answer>'
2026-07-14 21:27:21,813  root       handle_response DEBUG    Write: '4111FF\r\r>'
2026-07-14 21:27:21,895  root       run             DEBUG    Received '010D'
2026-07-14 21:27:21,896  root       handle_request  DEBUG    Handling: '010D', header '7E0', ECU '7E0'
2026-07-14 21:27:21,896  root       handle_request  DEBUG    Description: Vehicle Speed, PID SPEED (010D)
2026-07-14 21:27:21,896  root       handle_response DEBUG    Processing: '<pos_answer>24</pos_answer> <header>7EA</header><size>03</size><data>41 0D 24</data>'
2026-07-14 21:27:21,896  root       handle_response DEBUG    Write: '410D24\r410D24\r\r>'
2026-07-14 21:27:21,939  root       run             DEBUG    Received '010C'
2026-07-14 21:27:21,939  root       handle_request  DEBUG    Handling: '010C', header '7E0', ECU '7E0'
2026-07-14 21:27:21,939  root       handle_request  DEBUG    Description: Engine RPM, PID RPM (010C)
2026-07-14 21:27:21,939  root       handle_response DEBUG    Processing: '<pos_answer>45 10</pos_answer> <header>7EA</header><size>04</size><data>41 0C 45 10</data>'
2026-07-14 21:27:21,940  root       handle_response DEBUG    Write: '410C4510\r410C4510\r\r>'
2026-07-14 21:27:21,981  root       run             DEBUG    Received '0105'
2026-07-14 21:27:21,982  root       handle_request  DEBUG    Handling: '0105', header '7E0', ECU '7E0'
2026-07-14 21:27:21,982  root       handle_request  DEBUG    Description: Engine Coolant Temperature, PID COOLANT_TEMP (0105)
2026-07-14 21:27:21,982  root       handle_response DEBUG    Processing: '<pos_answer>7B</pos_answer>'
2026-07-14 21:27:21,982  root       handle_response DEBUG    Write: '41057B\r\r>'
2026-07-14 21:27:22,023  root       run             DEBUG    Received '0111'
2026-07-14 21:27:22,024  root       handle_request  DEBUG    Handling: '0111', header '7E0', ECU '7E0'
2026-07-14 21:27:22,024  root       handle_request  DEBUG    Description: Throttle Position, PID THROTTLE_POS (0111)
2026-07-14 21:27:22,024  root       handle_response DEBUG    Processing: '<pos_answer>FF</pos_answer>'
2026-07-14 21:27:22,024  root       handle_response DEBUG    Write: '4111FF\r\r>'
2026-07-14 21:27:22,109  root       run             DEBUG    Received '010D'
2026-07-14 21:27:22,109  root       handle_request  DEBUG    Handling: '010D', header '7E0', ECU '7E0'
2026-07-14 21:27:22,109  root       handle_request  DEBUG    Description: Vehicle Speed, PID SPEED (010D)
2026-07-14 21:27:22,109  root       handle_response DEBUG    Processing: '<pos_answer>20</pos_answer> <header>7EA</header><size>03</size><data>41 0D 20</data>'
2026-07-14 21:27:22,110  root       handle_response DEBUG    Write: '410D20\r410D20\r\r>'
2026-07-14 21:27:22,151  root       run             DEBUG    Received '010C'
2026-07-14 21:27:22,152  root       handle_request  DEBUG    Handling: '010C', header '7E0', ECU '7E0'
2026-07-14 21:27:22,152  root       handle_request  DEBUG    Description: Engine RPM, PID RPM (010C)
2026-07-14 21:27:22,152  root       handle_response DEBUG    Processing: '<pos_answer>44 C0</pos_answer> <header>7EA</header><size>04</size><data>41 0C 44 C0</data>'
2026-07-14 21:27:22,152  root       handle_response DEBUG    Write: '410C44C0\r410C44C0\r\r>'
2026-07-14 21:27:22,195  root       run             DEBUG    Received '0105'
2026-07-14 21:27:22,195  root       handle_request  DEBUG    Handling: '0105', header '7E0', ECU '7E0'
2026-07-14 21:27:22,196  root       handle_request  DEBUG    Description: Engine Coolant Temperature, PID COOLANT_TEMP (0105)
2026-07-14 21:27:22,196  root       handle_response DEBUG    Processing: '<pos_answer>7B</pos_answer>'
2026-07-14 21:27:22,196  root       handle_response DEBUG    Write: '41057B\r\r>'
2026-07-14 21:27:22,238  root       run             DEBUG    Received '0111'
2026-07-14 21:27:22,239  root       handle_request  DEBUG    Handling: '0111', header '7E0', ECU '7E0'
2026-07-14 21:27:22,239  root       handle_request  DEBUG    Description: Throttle Position, PID THROTTLE_POS (0111)
2026-07-14 21:27:22,239  root       handle_response DEBUG    Processing: '<pos_answer>FF</pos_answer>'
2026-07-14 21:27:22,239  root       handle_response DEBUG    Write: '4111FF\r\r>'
2026-07-14 21:27:22,321  root       run             DEBUG    Received '010D'
2026-07-14 21:27:22,321  root       handle_request  DEBUG    Handling: '010D', header '7E0', ECU '7E0'
2026-07-14 21:27:22,321  root       handle_request  DEBUG    Description: Vehicle Speed, PID SPEED (010D)
2026-07-14 21:27:22,322  root       handle_response DEBUG    Processing: '<pos_answer>1C</pos_answer> <header>7EA</header><size>03</size><data>41 0D 1C</data>'
2026-07-14 21:27:22,322  root       handle_response DEBUG    Write: '410D1C\r410D1C\r\r>'
2026-07-14 21:27:22,366  root       run             DEBUG    Received '010C'
2026-07-14 21:27:22,366  root       handle_request  DEBUG    Handling: '010C', header '7E0', ECU '7E0'
2026-07-14 21:27:22,367  root       handle_request  DEBUG    Description: Engine RPM, PID RPM (010C)
2026-07-14 21:27:22,367  root       handle_response DEBUG    Processing: '<pos_answer>44 70</pos_answer> <header>7EA</header><size>04</size><data>41 0C 44 70</data>'
2026-07-14 21:27:22,367  root       handle_response DEBUG    Write: '410C4470\r410C4470\r\r>'
2026-07-14 21:27:22,409  root       run             DEBUG    Received '0105'
2026-07-14 21:27:22,410  root       handle_request  DEBUG    Handling: '0105', header '7E0', ECU '7E0'
2026-07-14 21:27:22,410  root       handle_request  DEBUG    Description: Engine Coolant Temperature, PID COOLANT_TEMP (0105)
2026-07-14 21:27:22,410  root       handle_response DEBUG    Processing: '<pos_answer>7B</pos_answer>'
2026-07-14 21:27:22,410  root       handle_response DEBUG    Write: '41057B\r\r>'
2026-07-14 21:27:22,451  root       run             DEBUG    Received '0111'
2026-07-14 21:27:22,452  root       handle_request  DEBUG    Handling: '0111', header '7E0', ECU '7E0'
2026-07-14 21:27:22,452  root       handle_request  DEBUG    Description: Throttle Position, PID THROTTLE_POS (0111)
2026-07-14 21:27:22,452  root       handle_response DEBUG    Processing: '<pos_answer>FF</pos_answer>'
2026-07-14 21:27:22,452  root       handle_response DEBUG    Write: '4111FF\r\r>'
2026-07-14 21:27:22,535  root       run             DEBUG    Received '010D'
2026-07-14 21:27:22,536  root       handle_request  DEBUG    Handling: '010D', header '7E0', ECU '7E0'
2026-07-14 21:27:22,536  root       handle_request  DEBUG    Description: Vehicle Speed, PID SPEED (010D)
2026-07-14 21:27:22,536  root       handle_response DEBUG    Processing: '<pos_answer>18</pos_answer> <header>7EA</header><size>03</size><data>41 0D 18</data>'
2026-07-14 21:27:22,537  root       handle_response DEBUG    Write: '410D18\r410D18\r\r>'
2026-07-14 21:27:22,578  root       run             DEBUG    Received '010C'
2026-07-14 21:27:22,578  root       handle_request  DEBUG    Handling: '010C', header '7E0', ECU '7E0'
2026-07-14 21:27:22,579  root       handle_request  DEBUG    Description: Engine RPM, PID RPM (010C)
2026-07-14 21:27:22,579  root       handle_response DEBUG    Processing: '<pos_answer>44 20</pos_answer> <header>7EA</header><size>04</size><data>41 0C 44 20</data>'
2026-07-14 21:27:22,579  root       handle_response DEBUG    Write: '410C4420\r410C4420\r\r>'
2026-07-14 21:27:22,620  root       run             DEBUG    Received '0105'
2026-07-14 21:27:22,621  root       handle_request  DEBUG    Handling: '0105', header '7E0', ECU '7E0'
2026-07-14 21:27:22,621  root       handle_request  DEBUG    Description: Engine Coolant Temperature, PID COOLANT_TEMP (0105)
2026-07-14 21:27:22,621  root       handle_response DEBUG    Processing: '<pos_answer>7B</pos_answer>'
2026-07-14 21:27:22,621  root       handle_response DEBUG    Write: '41057B\r\r>'
2026-07-14 21:27:22,663  root       run             DEBUG    Received '0111'
2026-07-14 21:27:22,664  root       handle_request  DEBUG    Handling: '0111', header '7E0', ECU '7E0'
2026-07-14 21:27:22,664  root       handle_request  DEBUG    Description: Throttle Position, PID THROTTLE_POS (0111)
2026-07-14 21:27:22,664  root       handle_response DEBUG    Processing: '<pos_answer>FF</pos_answer>'
2026-07-14 21:27:22,664  root       handle_response DEBUG    Write: '4111FF\r\r>'
2026-07-14 21:27:22,747  root       run             DEBUG    Received '010D'
2026-07-14 21:27:22,747  root       handle_request  DEBUG    Handling: '010D', header '7E0', ECU '7E0'
2026-07-14 21:27:22,747  root       handle_request  DEBUG    Description: Vehicle Speed, PID SPEED (010D)
2026-07-14 21:27:22,748  root       handle_response DEBUG    Processing: '<pos_answer>14</pos_answer> <header>7EA</header><size>03</size><data>41 0D 14</data>'
2026-07-14 21:27:22,748  root       handle_response DEBUG    Write: '410D14\r410D14\r\r>'
2026-07-14 21:27:22,790  root       run             DEBUG    Received '010C'
2026-07-14 21:27:22,790  root       handle_request  DEBUG    Handling: '010C', header '7E0', ECU '7E0'
2026-07-14 21:27:22,791  root       handle_request  DEBUG    Description: Engine RPM, PID RPM (010C)
2026-07-14 21:27:22,791  root       handle_response DEBUG    Processing: '<pos_answer>43 D0</pos_answer> <header>7EA</header><size>04</size><data>41 0C 43 D0</data>'
2026-07-14 21:27:22,791  root       handle_response DEBUG    Write: '410C43D0\r410C43D0\r\r>'
2026-07-14 21:27:22,832  root       run             DEBUG    Received '0105'
2026-07-14 21:27:22,832  root       handle_request  DEBUG    Handling: '0105', header '7E0', ECU '7E0'
2026-07-14 21:27:22,832  root       handle_request  DEBUG    Description: Engine Coolant Temperature, PID COOLANT_TEMP (0105)
2026-07-14 21:27:22,833  root       handle_response DEBUG    Processing: '<pos_answer>7B</pos_answer>'
2026-07-14 21:27:22,833  root       handle_response DEBUG    Write: '41057B\r\r>'
2026-07-14 21:27:22,876  root       run             DEBUG    Received '0111'
2026-07-14 21:27:22,876  root       handle_request  DEBUG    Handling: '0111', header '7E0', ECU '7E0'
2026-07-14 21:27:22,877  root       handle_request  DEBUG    Description: Throttle Position, PID THROTTLE_POS (0111)
2026-07-14 21:27:22,877  root       handle_response DEBUG    Processing: '<pos_answer>FF</pos_answer>'
2026-07-14 21:27:22,877  root       handle_response DEBUG    Write: '4111FF\r\r>'
2026-07-14 21:27:22,959  root       run             DEBUG    Received '010D'
2026-07-14 21:27:22,959  root       handle_request  DEBUG    Handling: '010D', header '7E0', ECU '7E0'
2026-07-14 21:27:22,960  root       handle_request  DEBUG    Description: Vehicle Speed, PID SPEED (010D)
2026-07-14 21:27:22,960  root       handle_response DEBUG    Processing: '<pos_answer>10</pos_answer> <header>7EA</header><size>03</size><data>41 0D 10</data>'
2026-07-14 21:27:22,960  root       handle_response DEBUG    Write: '410D10\r410D10\r\r>'
2026-07-14 21:27:23,009  root       run             DEBUG    Received '010C'
2026-07-14 21:27:23,009  root       handle_request  DEBUG    Handling: '010C', header '7E0', ECU '7E0'
2026-07-14 21:27:23,010  root       handle_request  DEBUG    Description: Engine RPM, PID RPM (010C)
2026-07-14 21:27:23,010  root       handle_response DEBUG    Processing: '<pos_answer>43 80</pos_answer> <header>7EA</header><size>04</size><data>41 0C 43 80</data>'
2026-07-14 21:27:23,010  root       handle_response DEBUG    Write: '410C4380\r410C4380\r\r>'
2026-07-14 21:27:23,051  root       run             DEBUG    Received '0105'
2026-07-14 21:27:23,052  root       handle_request  DEBUG    Handling: '0105', header '7E0', ECU '7E0'
2026-07-14 21:27:23,052  root       handle_request  DEBUG    Description: Engine Coolant Temperature, PID COOLANT_TEMP (0105)
2026-07-14 21:27:23,052  root       handle_response DEBUG    Processing: '<pos_answer>7B</pos_answer>'
2026-07-14 21:27:23,052  root       handle_response DEBUG    Write: '41057B\r\r>'
2026-07-14 21:27:23,095  root       run             DEBUG    Received '015E'
2026-07-14 21:27:23,096  root       handle_request  DEBUG    Handling: '015E', header '7E0', ECU '7E0'
2026-07-14 21:27:23,096  root       handle_request  INFO     Unknown request: '015E', header=7E0
2026-07-14 21:27:23,097  root       handle_response DEBUG    Processing: '<writeln>NO DATA</writeln>'
2026-07-14 21:27:23,097  root       handle_response DEBUG    Write: 'NO DATA\r\r>'
2026-07-14 21:27:23,099  root       run             DEBUG    Received '0110'
2026-07-14 21:27:23,099  root       handle_request  DEBUG    Handling: '0110', header '7E0', ECU '7E0'
2026-07-14 21:27:23,100  root       handle_request  DEBUG    Description: Air Flow Rate (MAF), PID MAF (0110)
2026-07-14 21:27:23,100  root       handle_response DEBUG    Processing: '<pos_answer>05 1F</pos_answer>'
2026-07-14 21:27:23,100  root       handle_response DEBUG    Write: '4110051F\r\r>'
2026-07-14 21:27:23,101  root       run             DEBUG    Received '0151'
2026-07-14 21:27:23,101  root       handle_request  DEBUG    Handling: '0151', header '7E0', ECU '7E0'
2026-07-14 21:27:23,102  root       handle_request  DEBUG    Description: Fuel Type, PID FUEL_TYPE (0151)
2026-07-14 21:27:23,102  root       handle_response DEBUG    Processing: '<pos_answer>01</pos_answer>'
2026-07-14 21:27:23,102  root       handle_response DEBUG    Write: '415101\r\r>'
2026-07-14 21:27:23,144  root       run             DEBUG    Received '0104'
2026-07-14 21:27:23,144  root       handle_request  DEBUG    Handling: '0104', header '7E0', ECU '7E0'
2026-07-14 21:27:23,145  root       handle_request  DEBUG    Description: Calculated Engine Load, PID ENGINE_LOAD (0104)
2026-07-14 21:27:23,145  root       handle_response DEBUG    Processing: '<pos_answer>00</pos_answer>'
2026-07-14 21:27:23,145  root       handle_response DEBUG    Write: '410400\r\r>'
2026-07-14 21:27:23,190  root       run             DEBUG    Received '010F'
2026-07-14 21:27:23,190  root       handle_request  DEBUG    Handling: '010F', header '7E0', ECU '7E0'
2026-07-14 21:27:23,191  root       handle_request  DEBUG    Description: Intake Air Temp, PID INTAKE_TEMP (010F)
2026-07-14 21:27:23,191  root       handle_response DEBUG    Processing: '<pos_answer>44</pos_answer>'
2026-07-14 21:27:23,191  root       handle_response DEBUG    Write: '410F44\r\r>'
2026-07-14 21:27:23,240  root       run             DEBUG    Received '0111'
2026-07-14 21:27:23,240  root       handle_request  DEBUG    Handling: '0111', header '7E0', ECU '7E0'
2026-07-14 21:27:23,241  root       handle_request  DEBUG    Description: Throttle Position, PID THROTTLE_POS (0111)
2026-07-14 21:27:23,241  root       handle_response DEBUG    Processing: '<pos_answer>FF</pos_answer>'
2026-07-14 21:27:23,241  root       handle_response DEBUG    Write: '4111FF\r\r>'
2026-07-14 21:27:23,324  root       run             DEBUG    Received '010D'
2026-07-14 21:27:23,325  root       handle_request  DEBUG    Handling: '010D', header '7E0', ECU '7E0'
2026-07-14 21:27:23,325  root       handle_request  DEBUG    Description: Vehicle Speed, PID SPEED (010D)
2026-07-14 21:27:23,325  root       handle_response DEBUG    Processing: '<pos_answer>0C</pos_answer> <header>7EA</header><size>03</size><data>41 0D 0C</data>'
2026-07-14 21:27:23,325  root       handle_response DEBUG    Write: '410D0C\r410D0C\r\r>'
2026-07-14 21:27:23,367  root       run             DEBUG    Received '010C'
2026-07-14 21:27:23,367  root       handle_request  DEBUG    Handling: '010C', header '7E0', ECU '7E0'
2026-07-14 21:27:23,367  root       handle_request  DEBUG    Description: Engine RPM, PID RPM (010C)
2026-07-14 21:27:23,367  root       handle_response DEBUG    Processing: '<pos_answer>43 30</pos_answer> <header>7EA</header><size>04</size><data>41 0C 43 30</data>'
2026-07-14 21:27:23,368  root       handle_response DEBUG    Write: '410C4330\r410C4330\r\r>'
2026-07-14 21:27:23,410  root       run             DEBUG    Received '0105'
2026-07-14 21:27:23,410  root       handle_request  DEBUG    Handling: '0105', header '7E0', ECU '7E0'
2026-07-14 21:27:23,411  root       handle_request  DEBUG    Description: Engine Coolant Temperature, PID COOLANT_TEMP (0105)
2026-07-14 21:27:23,411  root       handle_response DEBUG    Processing: '<pos_answer>7B</pos_answer>'
2026-07-14 21:27:23,411  root       handle_response DEBUG    Write: '41057B\r\r>'
2026-07-14 21:27:23,453  root       run             DEBUG    Received '0111'
2026-07-14 21:27:23,454  root       handle_request  DEBUG    Handling: '0111', header '7E0', ECU '7E0'
2026-07-14 21:27:23,454  root       handle_request  DEBUG    Description: Throttle Position, PID THROTTLE_POS (0111)
2026-07-14 21:27:23,454  root       handle_response DEBUG    Processing: '<pos_answer>FF</pos_answer>'
2026-07-14 21:27:23,454  root       handle_response DEBUG    Write: '4111FF\r\r>'
2026-07-14 21:27:23,536  root       run             DEBUG    Received '010D'
2026-07-14 21:27:23,537  root       handle_request  DEBUG    Handling: '010D', header '7E0', ECU '7E0'
2026-07-14 21:27:23,537  root       handle_request  DEBUG    Description: Vehicle Speed, PID SPEED (010D)
2026-07-14 21:27:23,537  root       handle_response DEBUG    Processing: '<pos_answer>08</pos_answer> <header>7EA</header><size>03</size><data>41 0D 08</data>'
2026-07-14 21:27:23,538  root       handle_response DEBUG    Write: '410D08\r410D08\r\r>'
2026-07-14 21:27:23,579  root       run             DEBUG    Received '010C'
2026-07-14 21:27:23,579  root       handle_request  DEBUG    Handling: '010C', header '7E0', ECU '7E0'
2026-07-14 21:27:23,580  root       handle_request  DEBUG    Description: Engine RPM, PID RPM (010C)
2026-07-14 21:27:23,580  root       handle_response DEBUG    Processing: '<pos_answer>42 E0</pos_answer> <header>7EA</header><size>04</size><data>41 0C 42 E0</data>'
2026-07-14 21:27:23,580  root       handle_response DEBUG    Write: '410C42E0\r410C42E0\r\r>'
2026-07-14 21:27:23,622  root       run             DEBUG    Received '0105'
2026-07-14 21:27:23,622  root       handle_request  DEBUG    Handling: '0105', header '7E0', ECU '7E0'
2026-07-14 21:27:23,623  root       handle_request  DEBUG    Description: Engine Coolant Temperature, PID COOLANT_TEMP (0105)
2026-07-14 21:27:23,623  root       handle_response DEBUG    Processing: '<pos_answer>7B</pos_answer>'
2026-07-14 21:27:23,623  root       handle_response DEBUG    Write: '41057B\r\r>'
2026-07-14 21:27:23,665  root       run             DEBUG    Received '0111'
2026-07-14 21:27:23,666  root       handle_request  DEBUG    Handling: '0111', header '7E0', ECU '7E0'
2026-07-14 21:27:23,666  root       handle_request  DEBUG    Description: Throttle Position, PID THROTTLE_POS (0111)
2026-07-14 21:27:23,666  root       handle_response DEBUG    Processing: '<pos_answer>FF</pos_answer>'
2026-07-14 21:27:23,666  root       handle_response DEBUG    Write: '4111FF\r\r>'
2026-07-14 21:27:23,747  root       run             DEBUG    Received '010D'
2026-07-14 21:27:23,748  root       handle_request  DEBUG    Handling: '010D', header '7E0', ECU '7E0'
2026-07-14 21:27:23,748  root       handle_request  DEBUG    Description: Vehicle Speed, PID SPEED (010D)
2026-07-14 21:27:23,748  root       handle_response DEBUG    Processing: '<pos_answer>04</pos_answer> <header>7EA</header><size>03</size><data>41 0D 04</data>'
2026-07-14 21:27:23,748  root       handle_response DEBUG    Write: '410D04\r410D04\r\r>'
2026-07-14 21:27:23,790  root       run             DEBUG    Received '010C'
2026-07-14 21:27:23,790  root       handle_request  DEBUG    Handling: '010C', header '7E0', ECU '7E0'
2026-07-14 21:27:23,791  root       handle_request  DEBUG    Description: Engine RPM, PID RPM (010C)
2026-07-14 21:27:23,791  root       handle_response DEBUG    Processing: '<pos_answer>42 90</pos_answer> <header>7EA</header><size>04</size><data>41 0C 42 90</data>'
2026-07-14 21:27:23,791  root       handle_response DEBUG    Write: '410C4290\r410C4290\r\r>'
2026-07-14 21:27:23,832  root       run             DEBUG    Received '0105'
2026-07-14 21:27:23,834  root       handle_request  DEBUG    Handling: '0105', header '7E0', ECU '7E0'
2026-07-14 21:27:23,834  root       handle_request  DEBUG    Description: Engine Coolant Temperature, PID COOLANT_TEMP (0105)
2026-07-14 21:27:23,834  root       handle_response DEBUG    Processing: '<pos_answer>7B</pos_answer>'
2026-07-14 21:27:23,834  root       handle_response DEBUG    Write: '41057B\r\r>'
2026-07-14 21:27:23,876  root       run             DEBUG    Received '0111'
2026-07-14 21:27:23,877  root       handle_request  DEBUG    Handling: '0111', header '7E0', ECU '7E0'
2026-07-14 21:27:23,877  root       handle_request  DEBUG    Description: Throttle Position, PID THROTTLE_POS (0111)
2026-07-14 21:27:23,877  root       handle_response DEBUG    Processing: '<pos_answer>FF</pos_answer>'
2026-07-14 21:27:23,877  root       handle_response DEBUG    Write: '4111FF\r\r>'
2026-07-14 21:27:23,959  root       run             DEBUG    Received '010D'
2026-07-14 21:27:23,960  root       handle_request  DEBUG    Handling: '010D', header '7E0', ECU '7E0'
2026-07-14 21:27:23,960  root       handle_request  DEBUG    Description: Vehicle Speed, PID SPEED (010D)
2026-07-14 21:27:23,960  root       handle_response DEBUG    Processing: '<pos_answer>00</pos_answer> <header>7EA</header><size>03</size><data>41 0D 00</data>'
2026-07-14 21:27:23,960  root       handle_response DEBUG    Write: '410D00\r410D00\r\r>'
2026-07-14 21:27:24,003  root       run             DEBUG    Received '010C'
2026-07-14 21:27:24,003  root       handle_request  DEBUG    Handling: '010C', header '7E0', ECU '7E0'
2026-07-14 21:27:24,003  root       handle_request  DEBUG    Description: Engine RPM, PID RPM (010C)
2026-07-14 21:27:24,003  root       handle_response DEBUG    Processing: '<pos_answer>42 40</pos_answer> <header>7EA</header><size>04</size><data>41 0C 42 40</data>'
2026-07-14 21:27:24,003  root       handle_response DEBUG    Write: '410C4240\r410C4240\r\r>'
2026-07-14 21:27:24,049  root       run             DEBUG    Received '0105'
2026-07-14 21:27:24,049  root       handle_request  DEBUG    Handling: '0105', header '7E0', ECU '7E0'
2026-07-14 21:27:24,049  root       handle_request  DEBUG    Description: Engine Coolant Temperature, PID COOLANT_TEMP (0105)
2026-07-14 21:27:24,050  root       handle_response DEBUG    Processing: '<pos_answer>7B</pos_answer>'
2026-07-14 21:27:24,050  root       handle_response DEBUG    Write: '41057B\r\r>'
2026-07-14 21:27:24,093  root       run             DEBUG    Received '0111'
2026-07-14 21:27:24,093  root       handle_request  DEBUG    Handling: '0111', header '7E0', ECU '7E0'
2026-07-14 21:27:24,093  root       handle_request  DEBUG    Description: Throttle Position, PID THROTTLE_POS (0111)
2026-07-14 21:27:24,093  root       handle_response DEBUG    Processing: '<pos_answer>FF</pos_answer>'
2026-07-14 21:27:24,094  root       handle_response DEBUG    Write: '4111FF\r\r>'
2026-07-14 21:27:24,175  root       run             DEBUG    Received '010D'
2026-07-14 21:27:24,176  root       handle_request  DEBUG    Handling: '010D', header '7E0', ECU '7E0'
2026-07-14 21:27:24,176  root       handle_request  DEBUG    Description: Vehicle Speed, PID SPEED (010D)
2026-07-14 21:27:24,176  root       handle_response DEBUG    Processing: '<pos_answer>04</pos_answer> <header>7EA</header><size>03</size><data>41 0D 04</data>'
2026-07-14 21:27:24,176  root       handle_response DEBUG    Write: '410D04\r410D04\r\r>'
2026-07-14 21:27:24,218  root       run             DEBUG    Received '010C'
2026-07-14 21:27:24,218  root       handle_request  DEBUG    Handling: '010C', header '7E0', ECU '7E0'
2026-07-14 21:27:24,218  root       handle_request  DEBUG    Description: Engine RPM, PID RPM (010C)
2026-07-14 21:27:24,220  root       handle_response DEBUG    Processing: '<pos_answer>41 F0</pos_answer> <header>7EA</header><size>04</size><data>41 0C 41 F0</data>'
2026-07-14 21:27:24,220  root       handle_response DEBUG    Write: '410C41F0\r410C41F0\r\r>'
2026-07-14 21:27:24,261  root       run             DEBUG    Received '0105'
2026-07-14 21:27:24,262  root       handle_request  DEBUG    Handling: '0105', header '7E0', ECU '7E0'
2026-07-14 21:27:24,262  root       handle_request  DEBUG    Description: Engine Coolant Temperature, PID COOLANT_TEMP (0105)
2026-07-14 21:27:24,262  root       handle_response DEBUG    Processing: '<pos_answer>7B</pos_answer>'
2026-07-14 21:27:24,263  root       handle_response DEBUG    Write: '41057B\r\r>'
2026-07-14 21:27:24,305  root       run             DEBUG    Received '0111'
2026-07-14 21:27:24,305  root       handle_request  DEBUG    Handling: '0111', header '7E0', ECU '7E0'
2026-07-14 21:27:24,305  root       handle_request  DEBUG    Description: Throttle Position, PID THROTTLE_POS (0111)
2026-07-14 21:27:24,305  root       handle_response DEBUG    Processing: '<pos_answer>FF</pos_answer>'
2026-07-14 21:27:24,306  root       handle_response DEBUG    Write: '4111FF\r\r>'
2026-07-14 21:27:24,388  root       run             DEBUG    Received '010D'
2026-07-14 21:27:24,388  root       handle_request  DEBUG    Handling: '010D', header '7E0', ECU '7E0'
2026-07-14 21:27:24,388  root       handle_request  DEBUG    Description: Vehicle Speed, PID SPEED (010D)
2026-07-14 21:27:24,388  root       handle_response DEBUG    Processing: '<pos_answer>08</pos_answer> <header>7EA</header><size>03</size><data>41 0D 08</data>'
2026-07-14 21:27:24,389  root       handle_response DEBUG    Write: '410D08\r410D08\r\r>'
2026-07-14 21:27:24,430  root       run             DEBUG    Received '010C'
2026-07-14 21:27:24,431  root       handle_request  DEBUG    Handling: '010C', header '7E0', ECU '7E0'
2026-07-14 21:27:24,431  root       handle_request  DEBUG    Description: Engine RPM, PID RPM (010C)
2026-07-14 21:27:24,431  root       handle_response DEBUG    Processing: '<pos_answer>41 A0</pos_answer> <header>7EA</header><size>04</size><data>41 0C 41 A0</data>'
2026-07-14 21:27:24,432  root       handle_response DEBUG    Write: '410C41A0\r410C41A0\r\r>'
2026-07-14 21:27:24,474  root       run             DEBUG    Received '0105'
2026-07-14 21:27:24,474  root       handle_request  DEBUG    Handling: '0105', header '7E0', ECU '7E0'
2026-07-14 21:27:24,474  root       handle_request  DEBUG    Description: Engine Coolant Temperature, PID COOLANT_TEMP (0105)
2026-07-14 21:27:24,475  root       handle_response DEBUG    Processing: '<pos_answer>7B</pos_answer>'
2026-07-14 21:27:24,475  root       handle_response DEBUG    Write: '41057B\r\r>'
2026-07-14 21:27:24,516  root       run             DEBUG    Received '0111'
2026-07-14 21:27:24,517  root       handle_request  DEBUG    Handling: '0111', header '7E0', ECU '7E0'
2026-07-14 21:27:24,517  root       handle_request  DEBUG    Description: Throttle Position, PID THROTTLE_POS (0111)
2026-07-14 21:27:24,517  root       handle_response DEBUG    Processing: '<pos_answer>FF</pos_answer>'
2026-07-14 21:27:24,517  root       handle_response DEBUG    Write: '4111FF\r\r>'
2026-07-14 21:27:24,600  root       run             DEBUG    Received '010D'
2026-07-14 21:27:24,600  root       handle_request  DEBUG    Handling: '010D', header '7E0', ECU '7E0'
2026-07-14 21:27:24,600  root       handle_request  DEBUG    Description: Vehicle Speed, PID SPEED (010D)
2026-07-14 21:27:24,600  root       handle_response DEBUG    Processing: '<pos_answer>0C</pos_answer> <header>7EA</header><size>03</size><data>41 0D 0C</data>'
2026-07-14 21:27:24,601  root       handle_response DEBUG    Write: '410D0C\r410D0C\r\r>'
2026-07-14 21:27:24,647  root       run             DEBUG    Received '010C'
2026-07-14 21:27:24,647  root       handle_request  DEBUG    Handling: '010C', header '7E0', ECU '7E0'
2026-07-14 21:27:24,648  root       handle_request  DEBUG    Description: Engine RPM, PID RPM (010C)
2026-07-14 21:27:24,648  root       handle_response DEBUG    Processing: '<pos_answer>41 50</pos_answer> <header>7EA</header><size>04</size><data>41 0C 41 50</data>'
2026-07-14 21:27:24,648  root       handle_response DEBUG    Write: '410C4150\r410C4150\r\r>'
2026-07-14 21:27:24,691  root       run             DEBUG    Received '0105'
2026-07-14 21:27:24,691  root       handle_request  DEBUG    Handling: '0105', header '7E0', ECU '7E0'
2026-07-14 21:27:24,692  root       handle_request  DEBUG    Description: Engine Coolant Temperature, PID COOLANT_TEMP (0105)
2026-07-14 21:27:24,692  root       handle_response DEBUG    Processing: '<pos_answer>7B</pos_answer>'
2026-07-14 21:27:24,692  root       handle_response DEBUG    Write: '41057B\r\r>'
2026-07-14 21:27:24,733  root       run             DEBUG    Received '0111'
2026-07-14 21:27:24,733  root       handle_request  DEBUG    Handling: '0111', header '7E0', ECU '7E0'
2026-07-14 21:27:24,734  root       handle_request  DEBUG    Description: Throttle Position, PID THROTTLE_POS (0111)
2026-07-14 21:27:24,734  root       handle_response DEBUG    Processing: '<pos_answer>FF</pos_answer>'
2026-07-14 21:27:24,734  root       handle_response DEBUG    Write: '4111FF\r\r>'
2026-07-14 21:27:24,816  root       run             DEBUG    Received '010D'
2026-07-14 21:27:24,817  root       handle_request  DEBUG    Handling: '010D', header '7E0', ECU '7E0'
2026-07-14 21:27:24,817  root       handle_request  DEBUG    Description: Vehicle Speed, PID SPEED (010D)
2026-07-14 21:27:24,817  root       handle_response DEBUG    Processing: '<pos_answer>10</pos_answer> <header>7EA</header><size>03</size><data>41 0D 10</data>'
2026-07-14 21:27:24,817  root       handle_response DEBUG    Write: '410D10\r410D10\r\r>'
2026-07-14 21:27:24,859  root       run             DEBUG    Received '010C'
2026-07-14 21:27:24,860  root       handle_request  DEBUG    Handling: '010C', header '7E0', ECU '7E0'
2026-07-14 21:27:24,860  root       handle_request  DEBUG    Description: Engine RPM, PID RPM (010C)
2026-07-14 21:27:24,860  root       handle_response DEBUG    Processing: '<pos_answer>41 00</pos_answer> <header>7EA</header><size>04</size><data>41 0C 41 00</data>'
2026-07-14 21:27:24,860  root       handle_response DEBUG    Write: '410C4100\r410C4100\r\r>'
2026-07-14 21:27:24,903  root       run             DEBUG    Received '0105'
2026-07-14 21:27:24,903  root       handle_request  DEBUG    Handling: '0105', header '7E0', ECU '7E0'
2026-07-14 21:27:24,904  root       handle_request  DEBUG    Description: Engine Coolant Temperature, PID COOLANT_TEMP (0105)
2026-07-14 21:27:24,904  root       handle_response DEBUG    Processing: '<pos_answer>7B</pos_answer>'
2026-07-14 21:27:24,905  root       handle_response DEBUG    Write: '41057B\r\r>'
2026-07-14 21:27:24,946  root       run             DEBUG    Received '0111'
2026-07-14 21:27:24,947  root       handle_request  DEBUG    Handling: '0111', header '7E0', ECU '7E0'
2026-07-14 21:27:24,947  root       handle_request  DEBUG    Description: Throttle Position, PID THROTTLE_POS (0111)
2026-07-14 21:27:24,947  root       handle_response DEBUG    Processing: '<pos_answer>FF</pos_answer>'
2026-07-14 21:27:24,947  root       handle_response DEBUG    Write: '4111FF\r\r>'
2026-07-14 21:27:25,029  root       run             DEBUG    Received '010D'
2026-07-14 21:27:25,029  root       handle_request  DEBUG    Handling: '010D', header '7E0', ECU '7E0'
2026-07-14 21:27:25,030  root       handle_request  DEBUG    Description: Vehicle Speed, PID SPEED (010D)
2026-07-14 21:27:25,030  root       handle_response DEBUG    Processing: '<pos_answer>14</pos_answer> <header>7EA</header><size>03</size><data>41 0D 14</data>'
2026-07-14 21:27:25,030  root       handle_response DEBUG    Write: '410D14\r410D14\r\r>'
2026-07-14 21:27:25,072  root       run             DEBUG    Received '010C'
2026-07-14 21:27:25,072  root       handle_request  DEBUG    Handling: '010C', header '7E0', ECU '7E0'
2026-07-14 21:27:25,073  root       handle_request  DEBUG    Description: Engine RPM, PID RPM (010C)
2026-07-14 21:27:25,073  root       handle_response DEBUG    Processing: '<pos_answer>40 B0</pos_answer> <header>7EA</header><size>04</size><data>41 0C 40 B0</data>'
2026-07-14 21:27:25,073  root       handle_response DEBUG    Write: '410C40B0\r410C40B0\r\r>'
2026-07-14 21:27:25,114  root       run             DEBUG    Received '0105'
2026-07-14 21:27:25,115  root       handle_request  DEBUG    Handling: '0105', header '7E0', ECU '7E0'
2026-07-14 21:27:25,115  root       handle_request  DEBUG    Description: Engine Coolant Temperature, PID COOLANT_TEMP (0105)
2026-07-14 21:27:25,115  root       handle_response DEBUG    Processing: '<pos_answer>7B</pos_answer>'
2026-07-14 21:27:25,115  root       handle_response DEBUG    Write: '41057B\r\r>'
2026-07-14 21:27:25,159  root       run             DEBUG    Received '0111'
2026-07-14 21:27:25,160  root       handle_request  DEBUG    Handling: '0111', header '7E0', ECU '7E0'
2026-07-14 21:27:25,160  root       handle_request  DEBUG    Description: Throttle Position, PID THROTTLE_POS (0111)
2026-07-14 21:27:25,160  root       handle_response DEBUG    Processing: '<pos_answer>FF</pos_answer>'
2026-07-14 21:27:25,160  root       handle_response DEBUG    Write: '4111FF\r\r>'
2026-07-14 21:27:25,243  root       run             DEBUG    Received '010D'
2026-07-14 21:27:25,243  root       handle_request  DEBUG    Handling: '010D', header '7E0', ECU '7E0'
2026-07-14 21:27:25,243  root       handle_request  DEBUG    Description: Vehicle Speed, PID SPEED (010D)
2026-07-14 21:27:25,244  root       handle_response DEBUG    Processing: '<pos_answer>18</pos_answer> <header>7EA</header><size>03</size><data>41 0D 18</data>'
2026-07-14 21:27:25,244  root       handle_response DEBUG    Write: '410D18\r410D18\r\r>'
2026-07-14 21:27:25,285  root       run             DEBUG    Received '010C'
2026-07-14 21:27:25,286  root       handle_request  DEBUG    Handling: '010C', header '7E0', ECU '7E0'
2026-07-14 21:27:25,286  root       handle_request  DEBUG    Description: Engine RPM, PID RPM (010C)
2026-07-14 21:27:25,286  root       handle_response DEBUG    Processing: '<pos_answer>40 60</pos_answer> <header>7EA</header><size>04</size><data>41 0C 40 60</data>'
2026-07-14 21:27:25,286  root       handle_response DEBUG    Write: '410C4060\r410C4060\r\r>'
2026-07-14 21:27:25,328  root       run             DEBUG    Received '0105'
2026-07-14 21:27:25,328  root       handle_request  DEBUG    Handling: '0105', header '7E0', ECU '7E0'
2026-07-14 21:27:25,329  root       handle_request  DEBUG    Description: Engine Coolant Temperature, PID COOLANT_TEMP (0105)
2026-07-14 21:27:25,329  root       handle_response DEBUG    Processing: '<pos_answer>7B</pos_answer>'
2026-07-14 21:27:25,329  root       handle_response DEBUG    Write: '41057B\r\r>'
2026-07-14 21:27:25,371  root       run             DEBUG    Received '015E'
2026-07-14 21:27:25,372  root       handle_request  DEBUG    Handling: '015E', header '7E0', ECU '7E0'
2026-07-14 21:27:25,372  root       handle_request  INFO     Unknown request: '015E', header=7E0
2026-07-14 21:27:25,373  root       handle_response DEBUG    Processing: '<writeln>NO DATA</writeln>'
2026-07-14 21:27:25,373  root       handle_response DEBUG    Write: 'NO DATA\r\r>'
2026-07-14 21:27:25,375  root       run             DEBUG    Received '0110'
2026-07-14 21:27:25,375  root       handle_request  DEBUG    Handling: '0110', header '7E0', ECU '7E0'
2026-07-14 21:27:25,375  root       handle_request  DEBUG    Description: Air Flow Rate (MAF), PID MAF (0110)
2026-07-14 21:27:25,375  root       handle_response DEBUG    Processing: '<pos_answer>05 1F</pos_answer>'
2026-07-14 21:27:25,375  root       handle_response DEBUG    Write: '4110051F\r\r>'
2026-07-14 21:27:25,376  root       run             DEBUG    Received '0151'
2026-07-14 21:27:25,377  root       handle_request  DEBUG    Handling: '0151', header '7E0', ECU '7E0'
2026-07-14 21:27:25,378  root       handle_request  DEBUG    Description: Fuel Type, PID FUEL_TYPE (0151)
2026-07-14 21:27:25,378  root       handle_response DEBUG    Processing: '<pos_answer>01</pos_answer>'
2026-07-14 21:27:25,378  root       handle_response DEBUG    Write: '415101\r\r>'
2026-07-14 21:27:25,419  root       run             DEBUG    Received '0104'
2026-07-14 21:27:25,420  root       handle_request  DEBUG    Handling: '0104', header '7E0', ECU '7E0'
2026-07-14 21:27:25,420  root       handle_request  DEBUG    Description: Calculated Engine Load, PID ENGINE_LOAD (0104)
2026-07-14 21:27:25,420  root       handle_response DEBUG    Processing: '<pos_answer>00</pos_answer>'
2026-07-14 21:27:25,421  root       handle_response DEBUG    Write: '410400\r\r>'
2026-07-14 21:27:25,462  root       run             DEBUG    Received '010F'
2026-07-14 21:27:25,463  root       handle_request  DEBUG    Handling: '010F', header '7E0', ECU '7E0'
2026-07-14 21:27:25,463  root       handle_request  DEBUG    Description: Intake Air Temp, PID INTAKE_TEMP (010F)
2026-07-14 21:27:25,463  root       handle_response DEBUG    Processing: '<pos_answer>44</pos_answer>'
2026-07-14 21:27:25,463  root       handle_response DEBUG    Write: '410F44\r\r>'
2026-07-14 21:27:25,505  root       run             DEBUG    Received '0111'
2026-07-14 21:27:25,505  root       handle_request  DEBUG    Handling: '0111', header '7E0', ECU '7E0'
2026-07-14 21:27:25,505  root       handle_request  DEBUG    Description: Throttle Position, PID THROTTLE_POS (0111)
2026-07-14 21:27:25,506  root       handle_response DEBUG    Processing: '<pos_answer>FF</pos_answer>'
2026-07-14 21:27:25,506  root       handle_response DEBUG    Write: '4111FF\r\r>'
2026-07-14 21:27:25,589  root       run             DEBUG    Received '010D'
2026-07-14 21:27:25,589  root       handle_request  DEBUG    Handling: '010D', header '7E0', ECU '7E0'
2026-07-14 21:27:25,590  root       handle_request  DEBUG    Description: Vehicle Speed, PID SPEED (010D)
2026-07-14 21:27:25,590  root       handle_response DEBUG    Processing: '<pos_answer>1C</pos_answer> <header>7EA</header><size>03</size><data>41 0D 1C</data>'
2026-07-14 21:27:25,590  root       handle_response DEBUG    Write: '410D1C\r410D1C\r\r>'
2026-07-14 21:27:25,632  root       run             DEBUG    Received '010C'
2026-07-14 21:27:25,633  root       handle_request  DEBUG    Handling: '010C', header '7E0', ECU '7E0'
2026-07-14 21:27:25,633  root       handle_request  DEBUG    Description: Engine RPM, PID RPM (010C)
2026-07-14 21:27:25,634  root       handle_response DEBUG    Processing: '<pos_answer>40 10</pos_answer> <header>7EA</header><size>04</size><data>41 0C 40 10</data>'
2026-07-14 21:27:25,634  root       handle_response DEBUG    Write: '410C4010\r410C4010\r\r>'
2026-07-14 21:27:25,676  root       run             DEBUG    Received '0105'
2026-07-14 21:27:25,677  root       handle_request  DEBUG    Handling: '0105', header '7E0', ECU '7E0'
2026-07-14 21:27:25,677  root       handle_request  DEBUG    Description: Engine Coolant Temperature, PID COOLANT_TEMP (0105)
2026-07-14 21:27:25,677  root       handle_response DEBUG    Processing: '<pos_answer>7B</pos_answer>'
2026-07-14 21:27:25,677  root       handle_response DEBUG    Write: '41057B\r\r>'
2026-07-14 21:27:25,718  root       run             DEBUG    Received '0111'
2026-07-14 21:27:25,718  root       handle_request  DEBUG    Handling: '0111', header '7E0', ECU '7E0'
2026-07-14 21:27:25,718  root       handle_request  DEBUG    Description: Throttle Position, PID THROTTLE_POS (0111)
2026-07-14 21:27:25,720  root       handle_response DEBUG    Processing: '<pos_answer>FF</pos_answer>'
2026-07-14 21:27:25,720  root       handle_response DEBUG    Write: '4111FF\r\r>'
2026-07-14 21:27:25,802  root       run             DEBUG    Received '010D'
2026-07-14 21:27:25,802  root       handle_request  DEBUG    Handling: '010D', header '7E0', ECU '7E0'
2026-07-14 21:27:25,802  root       handle_request  DEBUG    Description: Vehicle Speed, PID SPEED (010D)
2026-07-14 21:27:25,803  root       handle_response DEBUG    Processing: '<pos_answer>20</pos_answer> <header>7EA</header><size>03</size><data>41 0D 20</data>'
2026-07-14 21:27:25,803  root       handle_response DEBUG    Write: '410D20\r410D20\r\r>'
2026-07-14 21:27:25,844  root       run             DEBUG    Received '010C'
2026-07-14 21:27:25,845  root       handle_request  DEBUG    Handling: '010C', header '7E0', ECU '7E0'
2026-07-14 21:27:25,845  root       handle_request  DEBUG    Description: Engine RPM, PID RPM (010C)
2026-07-14 21:27:25,845  root       handle_response DEBUG    Processing: '<pos_answer>3F C0</pos_answer> <header>7EA</header><size>04</size><data>41 0C 3F C0</data>'
2026-07-14 21:27:25,845  root       handle_response DEBUG    Write: '410C3FC0\r410C3FC0\r\r>'
2026-07-14 21:27:25,888  root       run             DEBUG    Received '0105'
2026-07-14 21:27:25,888  root       handle_request  DEBUG    Handling: '0105', header '7E0', ECU '7E0'
2026-07-14 21:27:25,888  root       handle_request  DEBUG    Description: Engine Coolant Temperature, PID COOLANT_TEMP (0105)
2026-07-14 21:27:25,888  root       handle_response DEBUG    Processing: '<pos_answer>7B</pos_answer>'
2026-07-14 21:27:25,889  root       handle_response DEBUG    Write: '41057B\r\r>'
2026-07-14 21:27:25,930  root       run             DEBUG    Received '0111'
2026-07-14 21:27:25,931  root       handle_request  DEBUG    Handling: '0111', header '7E0', ECU '7E0'
2026-07-14 21:27:25,931  root       handle_request  DEBUG    Description: Throttle Position, PID THROTTLE_POS (0111)
2026-07-14 21:27:25,931  root       handle_response DEBUG    Processing: '<pos_answer>FF</pos_answer>'
2026-07-14 21:27:25,932  root       handle_response DEBUG    Write: '4111FF\r\r>'
2026-07-14 21:27:26,015  root       run             DEBUG    Received '010D'
2026-07-14 21:27:26,015  root       handle_request  DEBUG    Handling: '010D', header '7E0', ECU '7E0'
2026-07-14 21:27:26,015  root       handle_request  DEBUG    Description: Vehicle Speed, PID SPEED (010D)
2026-07-14 21:27:26,016  root       handle_response DEBUG    Processing: '<pos_answer>24</pos_answer> <header>7EA</header><size>03</size><data>41 0D 24</data>'
2026-07-14 21:27:26,016  root       handle_response DEBUG    Write: '410D24\r410D24\r\r>'
2026-07-14 21:27:26,058  root       run             DEBUG    Received '010C'
2026-07-14 21:27:26,059  root       handle_request  DEBUG    Handling: '010C', header '7E0', ECU '7E0'
2026-07-14 21:27:26,059  root       handle_request  DEBUG    Description: Engine RPM, PID RPM (010C)
2026-07-14 21:27:26,059  root       handle_response DEBUG    Processing: '<pos_answer>3F 70</pos_answer> <header>7EA</header><size>04</size><data>41 0C 3F 70</data>'
2026-07-14 21:27:26,059  root       handle_response DEBUG    Write: '410C3F70\r410C3F70\r\r>'
2026-07-14 21:27:26,100  root       run             DEBUG    Received '0105'
2026-07-14 21:27:26,101  root       handle_request  DEBUG    Handling: '0105', header '7E0', ECU '7E0'
2026-07-14 21:27:26,101  root       handle_request  DEBUG    Description: Engine Coolant Temperature, PID COOLANT_TEMP (0105)
2026-07-14 21:27:26,101  root       handle_response DEBUG    Processing: '<pos_answer>7B</pos_answer>'
2026-07-14 21:27:26,101  root       handle_response DEBUG    Write: '41057B\r\r>'
2026-07-14 21:27:26,143  root       run             DEBUG    Received '0111'
2026-07-14 21:27:26,143  root       handle_request  DEBUG    Handling: '0111', header '7E0', ECU '7E0'
2026-07-14 21:27:26,144  root       handle_request  DEBUG    Description: Throttle Position, PID THROTTLE_POS (0111)
2026-07-14 21:27:26,144  root       handle_response DEBUG    Processing: '<pos_answer>FF</pos_answer>'
2026-07-14 21:27:26,144  root       handle_response DEBUG    Write: '4111FF\r\r>'
2026-07-14 21:27:26,227  root       run             DEBUG    Received '010D'
2026-07-14 21:27:26,228  root       handle_request  DEBUG    Handling: '010D', header '7E0', ECU '7E0'
2026-07-14 21:27:26,228  root       handle_request  DEBUG    Description: Vehicle Speed, PID SPEED (010D)
2026-07-14 21:27:26,228  root       handle_response DEBUG    Processing: '<pos_answer>28</pos_answer> <header>7EA</header><size>03</size><data>41 0D 28</data>'
2026-07-14 21:27:26,228  root       handle_response DEBUG    Write: '410D28\r410D28\r\r>'
2026-07-14 21:27:26,270  root       run             DEBUG    Received '010C'
2026-07-14 21:27:26,270  root       handle_request  DEBUG    Handling: '010C', header '7E0', ECU '7E0'
2026-07-14 21:27:26,270  root       handle_request  DEBUG    Description: Engine RPM, PID RPM (010C)
2026-07-14 21:27:26,271  root       handle_response DEBUG    Processing: '<pos_answer>3F 20</pos_answer> <header>7EA</header><size>04</size><data>41 0C 3F 20</data>'
2026-07-14 21:27:26,271  root       handle_response DEBUG    Write: '410C3F20\r410C3F20\r\r>'
2026-07-14 21:27:26,312  root       run             DEBUG    Received '0105'
2026-07-14 21:27:26,313  root       handle_request  DEBUG    Handling: '0105', header '7E0', ECU '7E0'
2026-07-14 21:27:26,313  root       handle_request  DEBUG    Description: Engine Coolant Temperature, PID COOLANT_TEMP (0105)
2026-07-14 21:27:26,313  root       handle_response DEBUG    Processing: '<pos_answer>7B</pos_answer>'
2026-07-14 21:27:26,313  root       handle_response DEBUG    Write: '41057B\r\r>'
2026-07-14 21:27:26,355  root       run             DEBUG    Received '0111'
2026-07-14 21:27:26,356  root       handle_request  DEBUG    Handling: '0111', header '7E0', ECU '7E0'
2026-07-14 21:27:26,357  root       handle_request  DEBUG    Description: Throttle Position, PID THROTTLE_POS (0111)
2026-07-14 21:27:26,357  root       handle_response DEBUG    Processing: '<pos_answer>FF</pos_answer>'
2026-07-14 21:27:26,357  root       handle_response DEBUG    Write: '4111FF\r\r>'
2026-07-14 21:27:26,439  root       run             DEBUG    Received '010D'
2026-07-14 21:27:26,439  root       handle_request  DEBUG    Handling: '010D', header '7E0', ECU '7E0'
2026-07-14 21:27:26,439  root       handle_request  DEBUG    Description: Vehicle Speed, PID SPEED (010D)
2026-07-14 21:27:26,440  root       handle_response DEBUG    Processing: '<pos_answer>2C</pos_answer> <header>7EA</header><size>03</size><data>41 0D 2C</data>'
2026-07-14 21:27:26,440  root       handle_response DEBUG    Write: '410D2C\r410D2C\r\r>'
2026-07-14 21:27:26,481  root       run             DEBUG    Received '010C'
2026-07-14 21:27:26,482  root       handle_request  DEBUG    Handling: '010C', header '7E0', ECU '7E0'
2026-07-14 21:27:26,482  root       handle_request  DEBUG    Description: Engine RPM, PID RPM (010C)
2026-07-14 21:27:26,482  root       handle_response DEBUG    Processing: '<pos_answer>3E D0</pos_answer> <header>7EA</header><size>04</size><data>41 0C 3E D0</data>'
2026-07-14 21:27:26,483  root       handle_response DEBUG    Write: '410C3ED0\r410C3ED0\r\r>'
2026-07-14 21:27:26,525  root       run             DEBUG    Received '0105'
2026-07-14 21:27:26,525  root       handle_request  DEBUG    Handling: '0105', header '7E0', ECU '7E0'
2026-07-14 21:27:26,526  root       handle_request  DEBUG    Description: Engine Coolant Temperature, PID COOLANT_TEMP (0105)
2026-07-14 21:27:26,526  root       handle_response DEBUG    Processing: '<pos_answer>7B</pos_answer>'
2026-07-14 21:27:26,526  root       handle_response DEBUG    Write: '41057B\r\r>'
2026-07-14 21:27:26,567  root       run             DEBUG    Received '0111'
2026-07-14 21:27:26,568  root       handle_request  DEBUG    Handling: '0111', header '7E0', ECU '7E0'
2026-07-14 21:27:26,568  root       handle_request  DEBUG    Description: Throttle Position, PID THROTTLE_POS (0111)
2026-07-14 21:27:26,568  root       handle_response DEBUG    Processing: '<pos_answer>FF</pos_answer>'
2026-07-14 21:27:26,568  root       handle_response DEBUG    Write: '4111FF\r\r>'
2026-07-14 21:27:26,652  root       run             DEBUG    Received '010D'
2026-07-14 21:27:26,652  root       handle_request  DEBUG    Handling: '010D', header '7E0', ECU '7E0'
2026-07-14 21:27:26,652  root       handle_request  DEBUG    Description: Vehicle Speed, PID SPEED (010D)
2026-07-14 21:27:26,652  root       handle_response DEBUG    Processing: '<pos_answer>30</pos_answer> <header>7EA</header><size>03</size><data>41 0D 30</data>'
2026-07-14 21:27:26,653  root       handle_response DEBUG    Write: '410D30\r410D30\r\r>'
2026-07-14 21:27:26,695  root       run             DEBUG    Received '010C'
2026-07-14 21:27:26,696  root       handle_request  DEBUG    Handling: '010C', header '7E0', ECU '7E0'
2026-07-14 21:27:26,696  root       handle_request  DEBUG    Description: Engine RPM, PID RPM (010C)
2026-07-14 21:27:26,696  root       handle_response DEBUG    Processing: '<pos_answer>3E 80</pos_answer> <header>7EA</header><size>04</size><data>41 0C 3E 80</data>'
2026-07-14 21:27:26,696  root       handle_response DEBUG    Write: '410C3E80\r410C3E80\r\r>'
2026-07-14 21:27:26,738  root       run             DEBUG    Received '0105'
2026-07-14 21:27:26,738  root       handle_request  DEBUG    Handling: '0105', header '7E0', ECU '7E0'
2026-07-14 21:27:26,738  root       handle_request  DEBUG    Description: Engine Coolant Temperature, PID COOLANT_TEMP (0105)
2026-07-14 21:27:26,739  root       handle_response DEBUG    Processing: '<pos_answer>7B</pos_answer>'
2026-07-14 21:27:26,739  root       handle_response DEBUG    Write: '41057B\r\r>'
2026-07-14 21:27:26,780  root       run             DEBUG    Received '0111'
2026-07-14 21:27:26,781  root       handle_request  DEBUG    Handling: '0111', header '7E0', ECU '7E0'
2026-07-14 21:27:26,781  root       handle_request  DEBUG    Description: Throttle Position, PID THROTTLE_POS (0111)
2026-07-14 21:27:26,781  root       handle_response DEBUG    Processing: '<pos_answer>FF</pos_answer>'
2026-07-14 21:27:26,781  root       handle_response DEBUG    Write: '4111FF\r\r>'
2026-07-14 21:27:26,865  root       run             DEBUG    Received '010D'
2026-07-14 21:27:26,865  root       handle_request  DEBUG    Handling: '010D', header '7E0', ECU '7E0'
2026-07-14 21:27:26,865  root       handle_request  DEBUG    Description: Vehicle Speed, PID SPEED (010D)
2026-07-14 21:27:26,865  root       handle_response DEBUG    Processing: '<pos_answer>34</pos_answer> <header>7EA</header><size>03</size><data>41 0D 34</data>'
2026-07-14 21:27:26,866  root       handle_response DEBUG    Write: '410D34\r410D34\r\r>'
2026-07-14 21:27:26,908  root       run             DEBUG    Received '010C'
2026-07-14 21:27:26,908  root       handle_request  DEBUG    Handling: '010C', header '7E0', ECU '7E0'
2026-07-14 21:27:26,908  root       handle_request  DEBUG    Description: Engine RPM, PID RPM (010C)
2026-07-14 21:27:26,908  root       handle_response DEBUG    Processing: '<pos_answer>3E 30</pos_answer> <header>7EA</header><size>04</size><data>41 0C 3E 30</data>'
2026-07-14 21:27:26,909  root       handle_response DEBUG    Write: '410C3E30\r410C3E30\r\r>'
2026-07-14 21:27:26,950  root       run             DEBUG    Received '0105'
2026-07-14 21:27:26,950  root       handle_request  DEBUG    Handling: '0105', header '7E0', ECU '7E0'
2026-07-14 21:27:26,950  root       handle_request  DEBUG    Description: Engine Coolant Temperature, PID COOLANT_TEMP (0105)
2026-07-14 21:27:26,951  root       handle_response DEBUG    Processing: '<pos_answer>7B</pos_answer>'
2026-07-14 21:27:26,951  root       handle_response DEBUG    Write: '41057B\r\r>'
2026-07-14 21:27:26,992  root       run             DEBUG    Received '0111'
2026-07-14 21:27:26,993  root       handle_request  DEBUG    Handling: '0111', header '7E0', ECU '7E0'
2026-07-14 21:27:26,994  root       handle_request  DEBUG    Description: Throttle Position, PID THROTTLE_POS (0111)
2026-07-14 21:27:26,994  root       handle_response DEBUG    Processing: '<pos_answer>FF</pos_answer>'
2026-07-14 21:27:26,994  root       handle_response DEBUG    Write: '4111FF\r\r>'
2026-07-14 21:27:27,076  root       run             DEBUG    Received '010D'
2026-07-14 21:27:27,077  root       handle_request  DEBUG    Handling: '010D', header '7E0', ECU '7E0'
2026-07-14 21:27:27,077  root       handle_request  DEBUG    Description: Vehicle Speed, PID SPEED (010D)
2026-07-14 21:27:27,077  root       handle_response DEBUG    Processing: '<pos_answer>38</pos_answer> <header>7EA</header><size>03</size><data>41 0D 38</data>'
2026-07-14 21:27:27,078  root       handle_response DEBUG    Write: '410D38\r410D38\r\r>'
2026-07-14 21:27:27,120  root       run             DEBUG    Received '010C'
2026-07-14 21:27:27,120  root       handle_request  DEBUG    Handling: '010C', header '7E0', ECU '7E0'
2026-07-14 21:27:27,121  root       handle_request  DEBUG    Description: Engine RPM, PID RPM (010C)
2026-07-14 21:27:27,121  root       handle_response DEBUG    Processing: '<pos_answer>3D E0</pos_answer> <header>7EA</header><size>04</size><data>41 0C 3D E0</data>'
2026-07-14 21:27:27,121  root       handle_response DEBUG    Write: '410C3DE0\r410C3DE0\r\r>'
2026-07-14 21:27:27,163  root       run             DEBUG    Received '0105'
2026-07-14 21:27:27,163  root       handle_request  DEBUG    Handling: '0105', header '7E0', ECU '7E0'
2026-07-14 21:27:27,163  root       handle_request  DEBUG    Description: Engine Coolant Temperature, PID COOLANT_TEMP (0105)
2026-07-14 21:27:27,164  root       handle_response DEBUG    Processing: '<pos_answer>7B</pos_answer>'
2026-07-14 21:27:27,164  root       handle_response DEBUG    Write: '41057B\r\r>'
2026-07-14 21:27:27,205  root       run             DEBUG    Received '0111'
2026-07-14 21:27:27,205  root       handle_request  DEBUG    Handling: '0111', header '7E0', ECU '7E0'
2026-07-14 21:27:27,206  root       handle_request  DEBUG    Description: Throttle Position, PID THROTTLE_POS (0111)
2026-07-14 21:27:27,206  root       handle_response DEBUG    Processing: '<pos_answer>FF</pos_answer>'
2026-07-14 21:27:27,206  root       handle_response DEBUG    Write: '4111FF\r\r>'
2026-07-14 21:27:27,289  root       run             DEBUG    Received '010D'
2026-07-14 21:27:27,289  root       handle_request  DEBUG    Handling: '010D', header '7E0', ECU '7E0'
2026-07-14 21:27:27,289  root       handle_request  DEBUG    Description: Vehicle Speed, PID SPEED (010D)
2026-07-14 21:27:27,289  root       handle_response DEBUG    Processing: '<pos_answer>3C</pos_answer> <header>7EA</header><size>03</size><data>41 0D 3C</data>'
2026-07-14 21:27:27,290  root       handle_response DEBUG    Write: '410D3C\r410D3C\r\r>'
2026-07-14 21:27:27,332  root       run             DEBUG    Received '010C'
2026-07-14 21:27:27,333  root       handle_request  DEBUG    Handling: '010C', header '7E0', ECU '7E0'
2026-07-14 21:27:27,333  root       handle_request  DEBUG    Description: Engine RPM, PID RPM (010C)
2026-07-14 21:27:27,333  root       handle_response DEBUG    Processing: '<pos_answer>3D 90</pos_answer> <header>7EA</header><size>04</size><data>41 0C 3D 90</data>'
2026-07-14 21:27:27,333  root       handle_response DEBUG    Write: '410C3D90\r410C3D90\r\r>'
2026-07-14 21:27:27,382  root       run             DEBUG    Received '0105'
2026-07-14 21:27:27,382  root       handle_request  DEBUG    Handling: '0105', header '7E0', ECU '7E0'
2026-07-14 21:27:27,383  root       handle_request  DEBUG    Description: Engine Coolant Temperature, PID COOLANT_TEMP (0105)
2026-07-14 21:27:27,383  root       handle_response DEBUG    Processing: '<pos_answer>7B</pos_answer>'
2026-07-14 21:27:27,383  root       handle_response DEBUG    Write: '41057B\r\r>'
2026-07-14 21:27:27,425  root       run             DEBUG    Received '0111'
2026-07-14 21:27:27,425  root       handle_request  DEBUG    Handling: '0111', header '7E0', ECU '7E0'
2026-07-14 21:27:27,425  root       handle_request  DEBUG    Description: Throttle Position, PID THROTTLE_POS (0111)
2026-07-14 21:27:27,425  root       handle_response DEBUG    Processing: '<pos_answer>FF</pos_answer>'
2026-07-14 21:27:27,426  root       handle_response DEBUG    Write: '4111FF\r\r>'
2026-07-14 21:27:27,509  root       run             DEBUG    Received '010D'
2026-07-14 21:27:27,510  root       handle_request  DEBUG    Handling: '010D', header '7E0', ECU '7E0'
2026-07-14 21:27:27,510  root       handle_request  DEBUG    Description: Vehicle Speed, PID SPEED (010D)
2026-07-14 21:27:27,510  root       handle_response DEBUG    Processing: '<pos_answer>40</pos_answer> <header>7EA</header><size>03</size><data>41 0D 40</data>'
2026-07-14 21:27:27,510  root       handle_response DEBUG    Write: '410D40\r410D40\r\r>'
2026-07-14 21:27:27,551  root       run             DEBUG    Received '010C'
2026-07-14 21:27:27,552  root       handle_request  DEBUG    Handling: '010C', header '7E0', ECU '7E0'
2026-07-14 21:27:27,552  root       handle_request  DEBUG    Description: Engine RPM, PID RPM (010C)
2026-07-14 21:27:27,552  root       handle_response DEBUG    Processing: '<pos_answer>3D 40</pos_answer> <header>7EA</header><size>04</size><data>41 0C 3D 40</data>'
2026-07-14 21:27:27,552  root       handle_response DEBUG    Write: '410C3D40\r410C3D40\r\r>'
2026-07-14 21:27:27,594  root       run             DEBUG    Received '0105'
2026-07-14 21:27:27,595  root       handle_request  DEBUG    Handling: '0105', header '7E0', ECU '7E0'
2026-07-14 21:27:27,595  root       handle_request  DEBUG    Description: Engine Coolant Temperature, PID COOLANT_TEMP (0105)
2026-07-14 21:27:27,595  root       handle_response DEBUG    Processing: '<pos_answer>7B</pos_answer>'
2026-07-14 21:27:27,595  root       handle_response DEBUG    Write: '41057B\r\r>'
2026-07-14 21:27:27,636  root       run             DEBUG    Received '015E'
2026-07-14 21:27:27,637  root       handle_request  DEBUG    Handling: '015E', header '7E0', ECU '7E0'
2026-07-14 21:27:27,637  root       handle_request  INFO     Unknown request: '015E', header=7E0
2026-07-14 21:27:27,638  root       handle_response DEBUG    Processing: '<writeln>NO DATA</writeln>'
2026-07-14 21:27:27,638  root       handle_response DEBUG    Write: 'NO DATA\r\r>'
2026-07-14 21:27:27,639  root       run             DEBUG    Received '0110'
2026-07-14 21:27:27,640  root       handle_request  DEBUG    Handling: '0110', header '7E0', ECU '7E0'
2026-07-14 21:27:27,640  root       handle_request  DEBUG    Description: Air Flow Rate (MAF), PID MAF (0110)
2026-07-14 21:27:27,640  root       handle_response DEBUG    Processing: '<pos_answer>05 1F</pos_answer>'
2026-07-14 21:27:27,641  root       handle_response DEBUG    Write: '4110051F\r\r>'
2026-07-14 21:27:27,642  root       run             DEBUG    Received '0151'
2026-07-14 21:27:27,642  root       handle_request  DEBUG    Handling: '0151', header '7E0', ECU '7E0'
2026-07-14 21:27:27,642  root       handle_request  DEBUG    Description: Fuel Type, PID FUEL_TYPE (0151)
2026-07-14 21:27:27,643  root       handle_response DEBUG    Processing: '<pos_answer>01</pos_answer>'
2026-07-14 21:27:27,643  root       handle_response DEBUG    Write: '415101\r\r>'
2026-07-14 21:27:27,685  root       run             DEBUG    Received '0104'
2026-07-14 21:27:27,685  root       handle_request  DEBUG    Handling: '0104', header '7E0', ECU '7E0'
2026-07-14 21:27:27,686  root       handle_request  DEBUG    Description: Calculated Engine Load, PID ENGINE_LOAD (0104)
2026-07-14 21:27:27,686  root       handle_response DEBUG    Processing: '<pos_answer>00</pos_answer>'
2026-07-14 21:27:27,686  root       handle_response DEBUG    Write: '410400\r\r>'
2026-07-14 21:27:27,727  root       run             DEBUG    Received '010F'
2026-07-14 21:27:27,727  root       handle_request  DEBUG    Handling: '010F', header '7E0', ECU '7E0'
2026-07-14 21:27:27,729  root       handle_request  DEBUG    Description: Intake Air Temp, PID INTAKE_TEMP (010F)
2026-07-14 21:27:27,729  root       handle_response DEBUG    Processing: '<pos_answer>44</pos_answer>'
2026-07-14 21:27:27,729  root       handle_response DEBUG    Write: '410F44\r\r>'
2026-07-14 21:27:27,770  root       run             DEBUG    Received '0111'
2026-07-14 21:27:27,770  root       handle_request  DEBUG    Handling: '0111', header '7E0', ECU '7E0'
2026-07-14 21:27:27,771  root       handle_request  DEBUG    Description: Throttle Position, PID THROTTLE_POS (0111)
2026-07-14 21:27:27,771  root       handle_response DEBUG    Processing: '<pos_answer>FF</pos_answer>'
2026-07-14 21:27:27,771  root       handle_response DEBUG    Write: '4111FF\r\r>'
2026-07-14 21:27:27,854  root       run             DEBUG    Received '010D'
2026-07-14 21:27:27,855  root       handle_request  DEBUG    Handling: '010D', header '7E0', ECU '7E0'
2026-07-14 21:27:27,855  root       handle_request  DEBUG    Description: Vehicle Speed, PID SPEED (010D)
2026-07-14 21:27:27,856  root       handle_response DEBUG    Processing: '<pos_answer>44</pos_answer> <header>7EA</header><size>03</size><data>41 0D 44</data>'
2026-07-14 21:27:27,856  root       handle_response DEBUG    Write: '410D44\r410D44\r\r>'
2026-07-14 21:27:27,896  root       run             DEBUG    Received '010C'
2026-07-14 21:27:27,897  root       handle_request  DEBUG    Handling: '010C', header '7E0', ECU '7E0'
2026-07-14 21:27:27,897  root       handle_request  DEBUG    Description: Engine RPM, PID RPM (010C)
2026-07-14 21:27:27,897  root       handle_response DEBUG    Processing: '<pos_answer>3C F0</pos_answer> <header>7EA</header><size>04</size><data>41 0C 3C F0</data>'
2026-07-14 21:27:27,897  root       handle_response DEBUG    Write: '410C3CF0\r410C3CF0\r\r>'
2026-07-14 21:27:27,939  root       run             DEBUG    Received '0105'
2026-07-14 21:27:27,939  root       handle_request  DEBUG    Handling: '0105', header '7E0', ECU '7E0'
2026-07-14 21:27:27,940  root       handle_request  DEBUG    Description: Engine Coolant Temperature, PID COOLANT_TEMP (0105)
2026-07-14 21:27:27,940  root       handle_response DEBUG    Processing: '<pos_answer>7B</pos_answer>'
2026-07-14 21:27:27,940  root       handle_response DEBUG    Write: '41057B\r\r>'
2026-07-14 21:27:27,982  root       run             DEBUG    Received '0111'
2026-07-14 21:27:27,982  root       handle_request  DEBUG    Handling: '0111', header '7E0', ECU '7E0'
2026-07-14 21:27:27,983  root       handle_request  DEBUG    Description: Throttle Position, PID THROTTLE_POS (0111)
2026-07-14 21:27:27,983  root       handle_response DEBUG    Processing: '<pos_answer>FF</pos_answer>'
2026-07-14 21:27:27,983  root       handle_response DEBUG    Write: '4111FF\r\r>'
2026-07-14 21:27:28,065  root       run             DEBUG    Received '010D'
2026-07-14 21:27:28,065  root       handle_request  DEBUG    Handling: '010D', header '7E0', ECU '7E0'
2026-07-14 21:27:28,066  root       handle_request  DEBUG    Description: Vehicle Speed, PID SPEED (010D)
2026-07-14 21:27:28,066  root       handle_response DEBUG    Processing: '<pos_answer>48</pos_answer> <header>7EA</header><size>03</size><data>41 0D 48</data>'
2026-07-14 21:27:28,066  root       handle_response DEBUG    Write: '410D48\r410D48\r\r>'
2026-07-14 21:27:28,108  root       run             DEBUG    Received '010C'
2026-07-14 21:27:28,108  root       handle_request  DEBUG    Handling: '010C', header '7E0', ECU '7E0'
2026-07-14 21:27:28,109  root       handle_request  DEBUG    Description: Engine RPM, PID RPM (010C)
2026-07-14 21:27:28,109  root       handle_response DEBUG    Processing: '<pos_answer>3C A0</pos_answer> <header>7EA</header><size>04</size><data>41 0C 3C A0</data>'
2026-07-14 21:27:28,109  root       handle_response DEBUG    Write: '410C3CA0\r410C3CA0\r\r>'
2026-07-14 21:27:28,151  root       run             DEBUG    Received '0105'
2026-07-14 21:27:28,152  root       handle_request  DEBUG    Handling: '0105', header '7E0', ECU '7E0'
2026-07-14 21:27:28,152  root       handle_request  DEBUG    Description: Engine Coolant Temperature, PID COOLANT_TEMP (0105)
2026-07-14 21:27:28,152  root       handle_response DEBUG    Processing: '<pos_answer>7B</pos_answer>'
2026-07-14 21:27:28,153  root       handle_response DEBUG    Write: '41057B\r\r>'
2026-07-14 21:27:28,194  root       run             DEBUG    Received '0111'
2026-07-14 21:27:28,195  root       handle_request  DEBUG    Handling: '0111', header '7E0', ECU '7E0'
2026-07-14 21:27:28,195  root       handle_request  DEBUG    Description: Throttle Position, PID THROTTLE_POS (0111)
2026-07-14 21:27:28,196  root       handle_response DEBUG    Processing: '<pos_answer>FF</pos_answer>'
2026-07-14 21:27:28,196  root       handle_response DEBUG    Write: '4111FF\r\r>'
2026-07-14 21:27:28,277  root       run             DEBUG    Received '010D'
2026-07-14 21:27:28,278  root       handle_request  DEBUG    Handling: '010D', header '7E0', ECU '7E0'
2026-07-14 21:27:28,278  root       handle_request  DEBUG    Description: Vehicle Speed, PID SPEED (010D)
2026-07-14 21:27:28,279  root       handle_response DEBUG    Processing: '<pos_answer>4C</pos_answer> <header>7EA</header><size>03</size><data>41 0D 4C</data>'
2026-07-14 21:27:28,279  root       handle_response DEBUG    Write: '410D4C\r410D4C\r\r>'
2026-07-14 21:27:28,320  root       run             DEBUG    Received '010C'
2026-07-14 21:27:28,320  root       handle_request  DEBUG    Handling: '010C', header '7E0', ECU '7E0'
2026-07-14 21:27:28,320  root       handle_request  DEBUG    Description: Engine RPM, PID RPM (010C)
2026-07-14 21:27:28,322  root       handle_response DEBUG    Processing: '<pos_answer>3C 50</pos_answer> <header>7EA</header><size>04</size><data>41 0C 3C 50</data>'
2026-07-14 21:27:28,322  root       handle_response DEBUG    Write: '410C3C50\r410C3C50\r\r>'
2026-07-14 21:27:28,363  root       run             DEBUG    Received '0105'
2026-07-14 21:27:28,363  root       handle_request  DEBUG    Handling: '0105', header '7E0', ECU '7E0'
2026-07-14 21:27:28,364  root       handle_request  DEBUG    Description: Engine Coolant Temperature, PID COOLANT_TEMP (0105)
2026-07-14 21:27:28,364  root       handle_response DEBUG    Processing: '<pos_answer>7B</pos_answer>'
2026-07-14 21:27:28,364  root       handle_response DEBUG    Write: '41057B\r\r>'
2026-07-14 21:27:28,406  root       run             DEBUG    Received '0111'
2026-07-14 21:27:28,407  root       handle_request  DEBUG    Handling: '0111', header '7E0', ECU '7E0'
2026-07-14 21:27:28,407  root       handle_request  DEBUG    Description: Throttle Position, PID THROTTLE_POS (0111)
2026-07-14 21:27:28,407  root       handle_response DEBUG    Processing: '<pos_answer>FF</pos_answer>'
2026-07-14 21:27:28,407  root       handle_response DEBUG    Write: '4111FF\r\r>'
2026-07-14 21:27:28,489  root       run             DEBUG    Received '010D'
2026-07-14 21:27:28,490  root       handle_request  DEBUG    Handling: '010D', header '7E0', ECU '7E0'
2026-07-14 21:27:28,490  root       handle_request  DEBUG    Description: Vehicle Speed, PID SPEED (010D)
2026-07-14 21:27:28,490  root       handle_response DEBUG    Processing: '<pos_answer>50</pos_answer> <header>7EA</header><size>03</size><data>41 0D 50</data>'
2026-07-14 21:27:28,490  root       handle_response DEBUG    Write: '410D50\r410D50\r\r>'
2026-07-14 21:27:28,532  root       run             DEBUG    Received '010C'
2026-07-14 21:27:28,532  root       handle_request  DEBUG    Handling: '010C', header '7E0', ECU '7E0'
2026-07-14 21:27:28,533  root       handle_request  DEBUG    Description: Engine RPM, PID RPM (010C)
2026-07-14 21:27:28,533  root       handle_response DEBUG    Processing: '<pos_answer>3C 00</pos_answer> <header>7EA</header><size>04</size><data>41 0C 3C 00</data>'
2026-07-14 21:27:28,533  root       handle_response DEBUG    Write: '410C3C00\r410C3C00\r\r>'
2026-07-14 21:27:28,575  root       run             DEBUG    Received '0105'
2026-07-14 21:27:28,576  root       handle_request  DEBUG    Handling: '0105', header '7E0', ECU '7E0'
2026-07-14 21:27:28,576  root       handle_request  DEBUG    Description: Engine Coolant Temperature, PID COOLANT_TEMP (0105)
2026-07-14 21:27:28,576  root       handle_response DEBUG    Processing: '<pos_answer>7B</pos_answer>'
2026-07-14 21:27:28,577  root       handle_response DEBUG    Write: '41057B\r\r>'
2026-07-14 21:27:28,618  root       run             DEBUG    Received '0111'
2026-07-14 21:27:28,619  root       handle_request  DEBUG    Handling: '0111', header '7E0', ECU '7E0'
2026-07-14 21:27:28,619  root       handle_request  DEBUG    Description: Throttle Position, PID THROTTLE_POS (0111)
2026-07-14 21:27:28,619  root       handle_response DEBUG    Processing: '<pos_answer>FF</pos_answer>'
2026-07-14 21:27:28,619  root       handle_response DEBUG    Write: '4111FF\r\r>'
2026-07-14 21:27:28,702  root       run             DEBUG    Received '010D'
2026-07-14 21:27:28,702  root       handle_request  DEBUG    Handling: '010D', header '7E0', ECU '7E0'
2026-07-14 21:27:28,703  root       handle_request  DEBUG    Description: Vehicle Speed, PID SPEED (010D)
2026-07-14 21:27:28,703  root       handle_response DEBUG    Processing: '<pos_answer>54</pos_answer> <header>7EA</header><size>03</size><data>41 0D 54</data>'
2026-07-14 21:27:28,703  root       handle_response DEBUG    Write: '410D54\r410D54\r\r>'
2026-07-14 21:27:28,745  root       run             DEBUG    Received '010C'
2026-07-14 21:27:28,746  root       handle_request  DEBUG    Handling: '010C', header '7E0', ECU '7E0'
2026-07-14 21:27:28,746  root       handle_request  DEBUG    Description: Engine RPM, PID RPM (010C)
2026-07-14 21:27:28,746  root       handle_response DEBUG    Processing: '<pos_answer>3B B0</pos_answer> <header>7EA</header><size>04</size><data>41 0C 3B B0</data>'
2026-07-14 21:27:28,746  root       handle_response DEBUG    Write: '410C3BB0\r410C3BB0\r\r>'
2026-07-14 21:27:28,788  root       run             DEBUG    Received '0105'
2026-07-14 21:27:28,788  root       handle_request  DEBUG    Handling: '0105', header '7E0', ECU '7E0'
2026-07-14 21:27:28,789  root       handle_request  DEBUG    Description: Engine Coolant Temperature, PID COOLANT_TEMP (0105)
2026-07-14 21:27:28,789  root       handle_response DEBUG    Processing: '<pos_answer>7B</pos_answer>'
2026-07-14 21:27:28,789  root       handle_response DEBUG    Write: '41057B\r\r>'
2026-07-14 21:27:28,831  root       run             DEBUG    Received '0111'
2026-07-14 21:27:28,832  root       handle_request  DEBUG    Handling: '0111', header '7E0', ECU '7E0'
2026-07-14 21:27:28,832  root       handle_request  DEBUG    Description: Throttle Position, PID THROTTLE_POS (0111)
2026-07-14 21:27:28,832  root       handle_response DEBUG    Processing: '<pos_answer>FF</pos_answer>'
2026-07-14 21:27:28,832  root       handle_response DEBUG    Write: '4111FF\r\r>'
2026-07-14 21:27:28,914  root       run             DEBUG    Received '010D'
2026-07-14 21:27:28,915  root       handle_request  DEBUG    Handling: '010D', header '7E0', ECU '7E0'
2026-07-14 21:27:28,915  root       handle_request  DEBUG    Description: Vehicle Speed, PID SPEED (010D)
2026-07-14 21:27:28,915  root       handle_response DEBUG    Processing: '<pos_answer>58</pos_answer> <header>7EA</header><size>03</size><data>41 0D 58</data>'
2026-07-14 21:27:28,916  root       handle_response DEBUG    Write: '410D58\r410D58\r\r>'
2026-07-14 21:27:28,957  root       run             DEBUG    Received '010C'
2026-07-14 21:27:28,958  root       handle_request  DEBUG    Handling: '010C', header '7E0', ECU '7E0'
2026-07-14 21:27:28,958  root       handle_request  DEBUG    Description: Engine RPM, PID RPM (010C)
2026-07-14 21:27:28,958  root       handle_response DEBUG    Processing: '<pos_answer>3B 60</pos_answer> <header>7EA</header><size>04</size><data>41 0C 3B 60</data>'
2026-07-14 21:27:28,958  root       handle_response DEBUG    Write: '410C3B60\r410C3B60\r\r>'
2026-07-14 21:27:29,001  root       run             DEBUG    Received '0105'
2026-07-14 21:27:29,001  root       handle_request  DEBUG    Handling: '0105', header '7E0', ECU '7E0'
2026-07-14 21:27:29,001  root       handle_request  DEBUG    Description: Engine Coolant Temperature, PID COOLANT_TEMP (0105)
2026-07-14 21:27:29,002  root       handle_response DEBUG    Processing: '<pos_answer>7B</pos_answer>'
2026-07-14 21:27:29,002  root       handle_response DEBUG    Write: '41057B\r\r>'
2026-07-14 21:27:29,044  root       run             DEBUG    Received '0111'
2026-07-14 21:27:29,044  root       handle_request  DEBUG    Handling: '0111', header '7E0', ECU '7E0'
2026-07-14 21:27:29,044  root       handle_request  DEBUG    Description: Throttle Position, PID THROTTLE_POS (0111)
2026-07-14 21:27:29,045  root       handle_response DEBUG    Processing: '<pos_answer>FF</pos_answer>'
2026-07-14 21:27:29,045  root       handle_response DEBUG    Write: '4111FF\r\r>'
2026-07-14 21:27:29,126  root       run             DEBUG    Received '010D'
2026-07-14 21:27:29,127  root       handle_request  DEBUG    Handling: '010D', header '7E0', ECU '7E0'
2026-07-14 21:27:29,127  root       handle_request  DEBUG    Description: Vehicle Speed, PID SPEED (010D)
2026-07-14 21:27:29,127  root       handle_response DEBUG    Processing: '<pos_answer>5C</pos_answer> <header>7EA</header><size>03</size><data>41 0D 5C</data>'
2026-07-14 21:27:29,127  root       handle_response DEBUG    Write: '410D5C\r410D5C\r\r>'
2026-07-14 21:27:29,170  root       run             DEBUG    Received '010C'
2026-07-14 21:27:29,171  root       handle_request  DEBUG    Handling: '010C', header '7E0', ECU '7E0'
2026-07-14 21:27:29,171  root       handle_request  DEBUG    Description: Engine RPM, PID RPM (010C)
2026-07-14 21:27:29,171  root       handle_response DEBUG    Processing: '<pos_answer>3B 10</pos_answer> <header>7EA</header><size>04</size><data>41 0C 3B 10</data>'
2026-07-14 21:27:29,171  root       handle_response DEBUG    Write: '410C3B10\r410C3B10\r\r>'
2026-07-14 21:27:29,213  root       run             DEBUG    Received '0105'
2026-07-14 21:27:29,214  root       handle_request  DEBUG    Handling: '0105', header '7E0', ECU '7E0'
2026-07-14 21:27:29,214  root       handle_request  DEBUG    Description: Engine Coolant Temperature, PID COOLANT_TEMP (0105)
2026-07-14 21:27:29,214  root       handle_response DEBUG    Processing: '<pos_answer>7B</pos_answer>'
2026-07-14 21:27:29,214  root       handle_response DEBUG    Write: '41057B\r\r>'
2026-07-14 21:27:29,255  root       run             DEBUG    Received '0111'
2026-07-14 21:27:29,255  root       handle_request  DEBUG    Handling: '0111', header '7E0', ECU '7E0'
2026-07-14 21:27:29,255  root       handle_request  DEBUG    Description: Throttle Position, PID THROTTLE_POS (0111)
2026-07-14 21:27:29,257  root       handle_response DEBUG    Processing: '<pos_answer>FF</pos_answer>'
2026-07-14 21:27:29,257  root       handle_response DEBUG    Write: '4111FF\r\r>'
2026-07-14 21:27:29,339  root       run             DEBUG    Received '010D'
2026-07-14 21:27:29,339  root       handle_request  DEBUG    Handling: '010D', header '7E0', ECU '7E0'
2026-07-14 21:27:29,339  root       handle_request  DEBUG    Description: Vehicle Speed, PID SPEED (010D)
2026-07-14 21:27:29,339  root       handle_response DEBUG    Processing: '<pos_answer>60</pos_answer> <header>7EA</header><size>03</size><data>41 0D 60</data>'
2026-07-14 21:27:29,340  root       handle_response DEBUG    Write: '410D60\r410D60\r\r>'
2026-07-14 21:27:29,383  root       run             DEBUG    Received '010C'
2026-07-14 21:27:29,383  root       handle_request  DEBUG    Handling: '010C', header '7E0', ECU '7E0'
2026-07-14 21:27:29,383  root       handle_request  DEBUG    Description: Engine RPM, PID RPM (010C)
2026-07-14 21:27:29,384  root       handle_response DEBUG    Processing: '<pos_answer>3A C0</pos_answer> <header>7EA</header><size>04</size><data>41 0C 3A C0</data>'
2026-07-14 21:27:29,384  root       handle_response DEBUG    Write: '410C3AC0\r410C3AC0\r\r>'
2026-07-14 21:27:29,426  root       run             DEBUG    Received '0105'
2026-07-14 21:27:29,426  root       handle_request  DEBUG    Handling: '0105', header '7E0', ECU '7E0'
2026-07-14 21:27:29,426  root       handle_request  DEBUG    Description: Engine Coolant Temperature, PID COOLANT_TEMP (0105)
2026-07-14 21:27:29,426  root       handle_response DEBUG    Processing: '<pos_answer>7B</pos_answer>'
2026-07-14 21:27:29,427  root       handle_response DEBUG    Write: '41057B\r\r>'
2026-07-14 21:27:29,468  root       run             DEBUG    Received '0111'
2026-07-14 21:27:29,468  root       handle_request  DEBUG    Handling: '0111', header '7E0', ECU '7E0'
2026-07-14 21:27:29,468  root       handle_request  DEBUG    Description: Throttle Position, PID THROTTLE_POS (0111)
2026-07-14 21:27:29,468  root       handle_response DEBUG    Processing: '<pos_answer>FF</pos_answer>'
2026-07-14 21:27:29,470  root       handle_response DEBUG    Write: '4111FF\r\r>'
2026-07-14 21:27:29,552  root       run             DEBUG    Received '010D'
2026-07-14 21:27:29,552  root       handle_request  DEBUG    Handling: '010D', header '7E0', ECU '7E0'
2026-07-14 21:27:29,552  root       handle_request  DEBUG    Description: Vehicle Speed, PID SPEED (010D)
2026-07-14 21:27:29,552  root       handle_response DEBUG    Processing: '<pos_answer>64</pos_answer> <header>7EA</header><size>03</size><data>41 0D 64</data>'
2026-07-14 21:27:29,553  root       handle_response DEBUG    Write: '410D64\r410D64\r\r>'
2026-07-14 21:27:29,594  root       run             DEBUG    Received '010C'
2026-07-14 21:27:29,595  root       handle_request  DEBUG    Handling: '010C', header '7E0', ECU '7E0'
2026-07-14 21:27:29,595  root       handle_request  DEBUG    Description: Engine RPM, PID RPM (010C)
2026-07-14 21:27:29,595  root       handle_response DEBUG    Processing: '<pos_answer>3A 70</pos_answer> <header>7EA</header><size>04</size><data>41 0C 3A 70</data>'
2026-07-14 21:27:29,595  root       handle_response DEBUG    Write: '410C3A70\r410C3A70\r\r>'
2026-07-14 21:27:29,638  root       run             DEBUG    Received '0105'
2026-07-14 21:27:29,638  root       handle_request  DEBUG    Handling: '0105', header '7E0', ECU '7E0'
2026-07-14 21:27:29,638  root       handle_request  DEBUG    Description: Engine Coolant Temperature, PID COOLANT_TEMP (0105)
2026-07-14 21:27:29,638  root       handle_response DEBUG    Processing: '<pos_answer>7B</pos_answer>'
2026-07-14 21:27:29,639  root       handle_response DEBUG    Write: '41057B\r\r>'
2026-07-14 21:27:29,680  root       run             DEBUG    Received '0111'
2026-07-14 21:27:29,681  root       handle_request  DEBUG    Handling: '0111', header '7E0', ECU '7E0'
2026-07-14 21:27:29,681  root       handle_request  DEBUG    Description: Throttle Position, PID THROTTLE_POS (0111)
2026-07-14 21:27:29,681  root       handle_response DEBUG    Processing: '<pos_answer>FF</pos_answer>'
2026-07-14 21:27:29,681  root       handle_response DEBUG    Write: '4111FF\r\r>'
2026-07-14 21:27:29,764  root       run             DEBUG    Received '010D'
2026-07-14 21:27:29,764  root       handle_request  DEBUG    Handling: '010D', header '7E0', ECU '7E0'
2026-07-14 21:27:29,765  root       handle_request  DEBUG    Description: Vehicle Speed, PID SPEED (010D)
2026-07-14 21:27:29,765  root       handle_response DEBUG    Processing: '<pos_answer>68</pos_answer> <header>7EA</header><size>03</size><data>41 0D 68</data>'
2026-07-14 21:27:29,765  root       handle_response DEBUG    Write: '410D68\r410D68\r\r>'
2026-07-14 21:27:29,807  root       run             DEBUG    Received '010C'
2026-07-14 21:27:29,807  root       handle_request  DEBUG    Handling: '010C', header '7E0', ECU '7E0'
2026-07-14 21:27:29,807  root       handle_request  DEBUG    Description: Engine RPM, PID RPM (010C)
2026-07-14 21:27:29,808  root       handle_response DEBUG    Processing: '<pos_answer>3A 20</pos_answer> <header>7EA</header><size>04</size><data>41 0C 3A 20</data>'
2026-07-14 21:27:29,808  root       handle_response DEBUG    Write: '410C3A20\r410C3A20\r\r>'
2026-07-14 21:27:29,849  root       run             DEBUG    Received '0105'
2026-07-14 21:27:29,850  root       handle_request  DEBUG    Handling: '0105', header '7E0', ECU '7E0'
2026-07-14 21:27:29,850  root       handle_request  DEBUG    Description: Engine Coolant Temperature, PID COOLANT_TEMP (0105)
2026-07-14 21:27:29,850  root       handle_response DEBUG    Processing: '<pos_answer>7B</pos_answer>'
2026-07-14 21:27:29,850  root       handle_response DEBUG    Write: '41057B\r\r>'
2026-07-14 21:27:29,893  root       run             DEBUG    Received '015E'
2026-07-14 21:27:29,893  root       handle_request  DEBUG    Handling: '015E', header '7E0', ECU '7E0'
2026-07-14 21:27:29,893  root       handle_request  INFO     Unknown request: '015E', header=7E0
2026-07-14 21:27:29,893  root       handle_response DEBUG    Processing: '<writeln>NO DATA</writeln>'
2026-07-14 21:27:29,893  root       handle_response DEBUG    Write: 'NO DATA\r\r>'
2026-07-14 21:27:29,895  root       run             DEBUG    Received '0110'
2026-07-14 21:27:29,895  root       handle_request  DEBUG    Handling: '0110', header '7E0', ECU '7E0'
2026-07-14 21:27:29,895  root       handle_request  DEBUG    Description: Air Flow Rate (MAF), PID MAF (0110)
2026-07-14 21:27:29,895  root       handle_response DEBUG    Processing: '<pos_answer>05 1F</pos_answer>'
2026-07-14 21:27:29,896  root       handle_response DEBUG    Write: '4110051F\r\r>'
2026-07-14 21:27:29,897  root       run             DEBUG    Received '0151'
2026-07-14 21:27:29,897  root       handle_request  DEBUG    Handling: '0151', header '7E0', ECU '7E0'
2026-07-14 21:27:29,898  root       handle_request  DEBUG    Description: Fuel Type, PID FUEL_TYPE (0151)
2026-07-14 21:27:29,898  root       handle_response DEBUG    Processing: '<pos_answer>01</pos_answer>'
2026-07-14 21:27:29,898  root       handle_response DEBUG    Write: '415101\r\r>'
2026-07-14 21:27:29,939  root       run             DEBUG    Received '0104'
2026-07-14 21:27:29,939  root       handle_request  DEBUG    Handling: '0104', header '7E0', ECU '7E0'
2026-07-14 21:27:29,940  root       handle_request  DEBUG    Description: Calculated Engine Load, PID ENGINE_LOAD (0104)
2026-07-14 21:27:29,940  root       handle_response DEBUG    Processing: '<pos_answer>00</pos_answer>'
2026-07-14 21:27:29,940  root       handle_response DEBUG    Write: '410400\r\r>'
2026-07-14 21:27:29,982  root       run             DEBUG    Received '010F'
2026-07-14 21:27:29,982  root       handle_request  DEBUG    Handling: '010F', header '7E0', ECU '7E0'
2026-07-14 21:27:29,982  root       handle_request  DEBUG    Description: Intake Air Temp, PID INTAKE_TEMP (010F)
2026-07-14 21:27:29,983  root       handle_response DEBUG    Processing: '<pos_answer>44</pos_answer>'
2026-07-14 21:27:29,983  root       handle_response DEBUG    Write: '410F44\r\r>'
2026-07-14 21:27:30,025  root       run             DEBUG    Received '0111'
2026-07-14 21:27:30,025  root       handle_request  DEBUG    Handling: '0111', header '7E0', ECU '7E0'
2026-07-14 21:27:30,025  root       handle_request  DEBUG    Description: Throttle Position, PID THROTTLE_POS (0111)
2026-07-14 21:27:30,026  root       handle_response DEBUG    Processing: '<pos_answer>FF</pos_answer>'
2026-07-14 21:27:30,026  root       handle_response DEBUG    Write: '4111FF\r\r>'
2026-07-14 21:27:30,109  root       run             DEBUG    Received '010D'
2026-07-14 21:27:30,109  root       handle_request  DEBUG    Handling: '010D', header '7E0', ECU '7E0'
2026-07-14 21:27:30,109  root       handle_request  DEBUG    Description: Vehicle Speed, PID SPEED (010D)
2026-07-14 21:27:30,109  root       handle_response DEBUG    Processing: '<pos_answer>6C</pos_answer> <header>7EA</header><size>03</size><data>41 0D 6C</data>'
2026-07-14 21:27:30,110  root       handle_response DEBUG    Write: '410D6C\r410D6C\r\r>'
2026-07-14 21:27:30,151  root       run             DEBUG    Received '010C'
2026-07-14 21:27:30,152  root       handle_request  DEBUG    Handling: '010C', header '7E0', ECU '7E0'
2026-07-14 21:27:30,152  root       handle_request  DEBUG    Description: Engine RPM, PID RPM (010C)
2026-07-14 21:27:30,152  root       handle_response DEBUG    Processing: '<pos_answer>39 D0</pos_answer> <header>7EA</header><size>04</size><data>41 0C 39 D0</data>'
2026-07-14 21:27:30,153  root       handle_response DEBUG    Write: '410C39D0\r410C39D0\r\r>'
2026-07-14 21:27:30,195  root       run             DEBUG    Received '0105'
2026-07-14 21:27:30,195  root       handle_request  DEBUG    Handling: '0105', header '7E0', ECU '7E0'
2026-07-14 21:27:30,195  root       handle_request  DEBUG    Description: Engine Coolant Temperature, PID COOLANT_TEMP (0105)
2026-07-14 21:27:30,196  root       handle_response DEBUG    Processing: '<pos_answer>7B</pos_answer>'
2026-07-14 21:27:30,196  root       handle_response DEBUG    Write: '41057B\r\r>'
2026-07-14 21:27:30,237  root       run             DEBUG    Received '0111'
2026-07-14 21:27:30,237  root       handle_request  DEBUG    Handling: '0111', header '7E0', ECU '7E0'
2026-07-14 21:27:30,238  root       handle_request  DEBUG    Description: Throttle Position, PID THROTTLE_POS (0111)
2026-07-14 21:27:30,238  root       handle_response DEBUG    Processing: '<pos_answer>FF</pos_answer>'
2026-07-14 21:27:30,238  root       handle_response DEBUG    Write: '4111FF\r\r>'
2026-07-14 21:27:30,321  root       run             DEBUG    Received '010D'
2026-07-14 21:27:30,321  root       handle_request  DEBUG    Handling: '010D', header '7E0', ECU '7E0'
2026-07-14 21:27:30,321  root       handle_request  DEBUG    Description: Vehicle Speed, PID SPEED (010D)
2026-07-14 21:27:30,322  root       handle_response DEBUG    Processing: '<pos_answer>70</pos_answer> <header>7EA</header><size>03</size><data>41 0D 70</data>'
2026-07-14 21:27:30,322  root       handle_response DEBUG    Write: '410D70\r410D70\r\r>'
2026-07-14 21:27:30,364  root       run             DEBUG    Received '010C'
2026-07-14 21:27:30,365  root       handle_request  DEBUG    Handling: '010C', header '7E0', ECU '7E0'
2026-07-14 21:27:30,365  root       handle_request  DEBUG    Description: Engine RPM, PID RPM (010C)
2026-07-14 21:27:30,365  root       handle_response DEBUG    Processing: '<pos_answer>39 80</pos_answer> <header>7EA</header><size>04</size><data>41 0C 39 80</data>'
2026-07-14 21:27:30,365  root       handle_response DEBUG    Write: '410C3980\r410C3980\r\r>'
2026-07-14 21:27:30,406  root       run             DEBUG    Received '0105'
2026-07-14 21:27:30,406  root       handle_request  DEBUG    Handling: '0105', header '7E0', ECU '7E0'
2026-07-14 21:27:30,407  root       handle_request  DEBUG    Description: Engine Coolant Temperature, PID COOLANT_TEMP (0105)
2026-07-14 21:27:30,407  root       handle_response DEBUG    Processing: '<pos_answer>7B</pos_answer>'
2026-07-14 21:27:30,407  root       handle_response DEBUG    Write: '41057B\r\r>'
2026-07-14 21:27:30,449  root       run             DEBUG    Received '0111'
2026-07-14 21:27:30,450  root       handle_request  DEBUG    Handling: '0111', header '7E0', ECU '7E0'
2026-07-14 21:27:30,450  root       handle_request  DEBUG    Description: Throttle Position, PID THROTTLE_POS (0111)
2026-07-14 21:27:30,450  root       handle_response DEBUG    Processing: '<pos_answer>FF</pos_answer>'
2026-07-14 21:27:30,450  root       handle_response DEBUG    Write: '4111FF\r\r>'
2026-07-14 21:27:30,532  root       run             DEBUG    Received '010D'
2026-07-14 21:27:30,533  root       handle_request  DEBUG    Handling: '010D', header '7E0', ECU '7E0'
2026-07-14 21:27:30,533  root       handle_request  DEBUG    Description: Vehicle Speed, PID SPEED (010D)
2026-07-14 21:27:30,533  root       handle_response DEBUG    Processing: '<pos_answer>74</pos_answer> <header>7EA</header><size>03</size><data>41 0D 74</data>'
2026-07-14 21:27:30,534  root       handle_response DEBUG    Write: '410D74\r410D74\r\r>'
2026-07-14 21:27:30,576  root       run             DEBUG    Received '010C'
2026-07-14 21:27:30,577  root       handle_request  DEBUG    Handling: '010C', header '7E0', ECU '7E0'
2026-07-14 21:27:30,577  root       handle_request  DEBUG    Description: Engine RPM, PID RPM (010C)
2026-07-14 21:27:30,577  root       handle_response DEBUG    Processing: '<pos_answer>39 30</pos_answer> <header>7EA</header><size>04</size><data>41 0C 39 30</data>'
2026-07-14 21:27:30,578  root       handle_response DEBUG    Write: '410C3930\r410C3930\r\r>'
2026-07-14 21:27:30,619  root       run             DEBUG    Received '0105'
2026-07-14 21:27:30,620  root       handle_request  DEBUG    Handling: '0105', header '7E0', ECU '7E0'
2026-07-14 21:27:30,620  root       handle_request  DEBUG    Description: Engine Coolant Temperature, PID COOLANT_TEMP (0105)
2026-07-14 21:27:30,620  root       handle_response DEBUG    Processing: '<pos_answer>7B</pos_answer>'
2026-07-14 21:27:30,620  root       handle_response DEBUG    Write: '41057B\r\r>'
2026-07-14 21:27:30,662  root       run             DEBUG    Received '0111'
2026-07-14 21:27:30,662  root       handle_request  DEBUG    Handling: '0111', header '7E0', ECU '7E0'
2026-07-14 21:27:30,663  root       handle_request  DEBUG    Description: Throttle Position, PID THROTTLE_POS (0111)
2026-07-14 21:27:30,663  root       handle_response DEBUG    Processing: '<pos_answer>FF</pos_answer>'
2026-07-14 21:27:30,663  root       handle_response DEBUG    Write: '4111FF\r\r>'
2026-07-14 21:27:30,745  root       run             DEBUG    Received '010D'
2026-07-14 21:27:30,746  root       handle_request  DEBUG    Handling: '010D', header '7E0', ECU '7E0'
2026-07-14 21:27:30,746  root       handle_request  DEBUG    Description: Vehicle Speed, PID SPEED (010D)
2026-07-14 21:27:30,746  root       handle_response DEBUG    Processing: '<pos_answer>78</pos_answer> <header>7EA</header><size>03</size><data>41 0D 78</data>'
2026-07-14 21:27:30,747  root       handle_response DEBUG    Write: '410D78\r410D78\r\r>'
2026-07-14 21:27:30,788  root       run             DEBUG    Received '010C'
2026-07-14 21:27:30,789  root       handle_request  DEBUG    Handling: '010C', header '7E0', ECU '7E0'
2026-07-14 21:27:30,789  root       handle_request  DEBUG    Description: Engine RPM, PID RPM (010C)
2026-07-14 21:27:30,789  root       handle_response DEBUG    Processing: '<pos_answer>38 E0</pos_answer> <header>7EA</header><size>04</size><data>41 0C 38 E0</data>'
2026-07-14 21:27:30,789  root       handle_response DEBUG    Write: '410C38E0\r410C38E0\r\r>'
2026-07-14 21:27:30,831  root       run             DEBUG    Received '0105'
2026-07-14 21:27:30,832  root       handle_request  DEBUG    Handling: '0105', header '7E0', ECU '7E0'
2026-07-14 21:27:30,832  root       handle_request  DEBUG    Description: Engine Coolant Temperature, PID COOLANT_TEMP (0105)
2026-07-14 21:27:30,832  root       handle_response DEBUG    Processing: '<pos_answer>7B</pos_answer>'
2026-07-14 21:27:30,832  root       handle_response DEBUG    Write: '41057B\r\r>'
2026-07-14 21:27:30,874  root       run             DEBUG    Received '0111'
2026-07-14 21:27:30,874  root       handle_request  DEBUG    Handling: '0111', header '7E0', ECU '7E0'
2026-07-14 21:27:30,874  root       handle_request  DEBUG    Description: Throttle Position, PID THROTTLE_POS (0111)
2026-07-14 21:27:30,875  root       handle_response DEBUG    Processing: '<pos_answer>FF</pos_answer>'
2026-07-14 21:27:30,875  root       handle_response DEBUG    Write: '4111FF\r\r>'
2026-07-14 21:27:30,958  root       run             DEBUG    Received '010D'
2026-07-14 21:27:30,959  root       handle_request  DEBUG    Handling: '010D', header '7E0', ECU '7E0'
2026-07-14 21:27:30,959  root       handle_request  DEBUG    Description: Vehicle Speed, PID SPEED (010D)
2026-07-14 21:27:30,959  root       handle_response DEBUG    Processing: '<pos_answer>74</pos_answer> <header>7EA</header><size>03</size><data>41 0D 74</data>'
2026-07-14 21:27:30,959  root       handle_response DEBUG    Write: '410D74\r410D74\r\r>'
2026-07-14 21:27:31,001  root       run             DEBUG    Received '010C'
2026-07-14 21:27:31,002  root       handle_request  DEBUG    Handling: '010C', header '7E0', ECU '7E0'
2026-07-14 21:27:31,002  root       handle_request  DEBUG    Description: Engine RPM, PID RPM (010C)
2026-07-14 21:27:31,002  root       handle_response DEBUG    Processing: '<pos_answer>38 90</pos_answer> <header>7EA</header><size>04</size><data>41 0C 38 90</data>'
2026-07-14 21:27:31,002  root       handle_response DEBUG    Write: '410C3890\r410C3890\r\r>'
2026-07-14 21:27:31,045  root       run             DEBUG    Received '0105'
2026-07-14 21:27:31,045  root       handle_request  DEBUG    Handling: '0105', header '7E0', ECU '7E0'
2026-07-14 21:27:31,045  root       handle_request  DEBUG    Description: Engine Coolant Temperature, PID COOLANT_TEMP (0105)
2026-07-14 21:27:31,045  root       handle_response DEBUG    Processing: '<pos_answer>7B</pos_answer>'
2026-07-14 21:27:31,045  root       handle_response DEBUG    Write: '41057B\r\r>'
2026-07-14 21:27:31,087  root       run             DEBUG    Received '0111'
2026-07-14 21:27:31,088  root       handle_request  DEBUG    Handling: '0111', header '7E0', ECU '7E0'
2026-07-14 21:27:31,088  root       handle_request  DEBUG    Description: Throttle Position, PID THROTTLE_POS (0111)
2026-07-14 21:27:31,088  root       handle_response DEBUG    Processing: '<pos_answer>FF</pos_answer>'
2026-07-14 21:27:31,088  root       handle_response DEBUG    Write: '4111FF\r\r>'
2026-07-14 21:27:31,170  root       run             DEBUG    Received '010D'
2026-07-14 21:27:31,170  root       handle_request  DEBUG    Handling: '010D', header '7E0', ECU '7E0'
2026-07-14 21:27:31,171  root       handle_request  DEBUG    Description: Vehicle Speed, PID SPEED (010D)
2026-07-14 21:27:31,171  root       handle_response DEBUG    Processing: '<pos_answer>70</pos_answer> <header>7EA</header><size>03</size><data>41 0D 70</data>'
2026-07-14 21:27:31,171  root       handle_response DEBUG    Write: '410D70\r410D70\r\r>'
2026-07-14 21:27:31,213  root       run             DEBUG    Received '010C'
2026-07-14 21:27:31,214  root       handle_request  DEBUG    Handling: '010C', header '7E0', ECU '7E0'
2026-07-14 21:27:31,214  root       handle_request  DEBUG    Description: Engine RPM, PID RPM (010C)
2026-07-14 21:27:31,214  root       handle_response DEBUG    Processing: '<pos_answer>38 40</pos_answer> <header>7EA</header><size>04</size><data>41 0C 38 40</data>'
2026-07-14 21:27:31,214  root       handle_response DEBUG    Write: '410C3840\r410C3840\r\r>'
2026-07-14 21:27:31,256  root       run             DEBUG    Received '0105'
2026-07-14 21:27:31,257  root       handle_request  DEBUG    Handling: '0105', header '7E0', ECU '7E0'
2026-07-14 21:27:31,258  root       handle_request  DEBUG    Description: Engine Coolant Temperature, PID COOLANT_TEMP (0105)
2026-07-14 21:27:31,258  root       handle_response DEBUG    Processing: '<pos_answer>7B</pos_answer>'
2026-07-14 21:27:31,258  root       handle_response DEBUG    Write: '41057B\r\r>'
2026-07-14 21:27:31,299  root       run             DEBUG    Received '0111'
2026-07-14 21:27:31,299  root       handle_request  DEBUG    Handling: '0111', header '7E0', ECU '7E0'
2026-07-14 21:27:31,299  root       handle_request  DEBUG    Description: Throttle Position, PID THROTTLE_POS (0111)
2026-07-14 21:27:31,301  root       handle_response DEBUG    Processing: '<pos_answer>FF</pos_answer>'
2026-07-14 21:27:31,301  root       handle_response DEBUG    Write: '4111FF\r\r>'
2026-07-14 21:27:31,387  root       run             DEBUG    Received '010D'
2026-07-14 21:27:31,387  root       handle_request  DEBUG    Handling: '010D', header '7E0', ECU '7E0'
2026-07-14 21:27:31,387  root       handle_request  DEBUG    Description: Vehicle Speed, PID SPEED (010D)
2026-07-14 21:27:31,387  root       handle_response DEBUG    Processing: '<pos_answer>6C</pos_answer> <header>7EA</header><size>03</size><data>41 0D 6C</data>'
2026-07-14 21:27:31,388  root       handle_response DEBUG    Write: '410D6C\r410D6C\r\r>'
2026-07-14 21:27:31,431  root       run             DEBUG    Received '010C'
2026-07-14 21:27:31,432  root       handle_request  DEBUG    Handling: '010C', header '7E0', ECU '7E0'
2026-07-14 21:27:31,432  root       handle_request  DEBUG    Description: Engine RPM, PID RPM (010C)
2026-07-14 21:27:31,432  root       handle_response DEBUG    Processing: '<pos_answer>37 F0</pos_answer> <header>7EA</header><size>04</size><data>41 0C 37 F0</data>'
2026-07-14 21:27:31,432  root       handle_response DEBUG    Write: '410C37F0\r410C37F0\r\r>'
2026-07-14 21:27:31,480  root       run             DEBUG    Received '0105'
2026-07-14 21:27:31,481  root       handle_request  DEBUG    Handling: '0105', header '7E0', ECU '7E0'
2026-07-14 21:27:31,481  root       handle_request  DEBUG    Description: Engine Coolant Temperature, PID COOLANT_TEMP (0105)
2026-07-14 21:27:31,481  root       handle_response DEBUG    Processing: '<pos_answer>7B</pos_answer>'
2026-07-14 21:27:31,482  root       handle_response DEBUG    Write: '41057B\r\r>'
2026-07-14 21:27:31,524  root       run             DEBUG    Received '0111'
2026-07-14 21:27:31,524  root       handle_request  DEBUG    Handling: '0111', header '7E0', ECU '7E0'
2026-07-14 21:27:31,524  root       handle_request  DEBUG    Description: Throttle Position, PID THROTTLE_POS (0111)
2026-07-14 21:27:31,525  root       handle_response DEBUG    Processing: '<pos_answer>FF</pos_answer>'
2026-07-14 21:27:31,525  root       handle_response DEBUG    Write: '4111FF\r\r>'
2026-07-14 21:27:31,608  root       run             DEBUG    Received '010D'
2026-07-14 21:27:31,608  root       handle_request  DEBUG    Handling: '010D', header '7E0', ECU '7E0'
2026-07-14 21:27:31,608  root       handle_request  DEBUG    Description: Vehicle Speed, PID SPEED (010D)
2026-07-14 21:27:31,609  root       handle_response DEBUG    Processing: '<pos_answer>68</pos_answer> <header>7EA</header><size>03</size><data>41 0D 68</data>'
2026-07-14 21:27:31,609  root       handle_response DEBUG    Write: '410D68\r410D68\r\r>'
2026-07-14 21:27:31,650  root       run             DEBUG    Received '010C'
2026-07-14 21:27:31,651  root       handle_request  DEBUG    Handling: '010C', header '7E0', ECU '7E0'
2026-07-14 21:27:31,651  root       handle_request  DEBUG    Description: Engine RPM, PID RPM (010C)
2026-07-14 21:27:31,651  root       handle_response DEBUG    Processing: '<pos_answer>37 A0</pos_answer> <header>7EA</header><size>04</size><data>41 0C 37 A0</data>'
2026-07-14 21:27:31,651  root       handle_response DEBUG    Write: '410C37A0\r410C37A0\r\r>'
2026-07-14 21:27:31,693  root       run             DEBUG    Received '0105'
2026-07-14 21:27:31,694  root       handle_request  DEBUG    Handling: '0105', header '7E0', ECU '7E0'
2026-07-14 21:27:31,694  root       handle_request  DEBUG    Description: Engine Coolant Temperature, PID COOLANT_TEMP (0105)
2026-07-14 21:27:31,694  root       handle_response DEBUG    Processing: '<pos_answer>7B</pos_answer>'
2026-07-14 21:27:31,695  root       handle_response DEBUG    Write: '41057B\r\r>'
2026-07-14 21:27:31,736  root       run             DEBUG    Received '0111'
2026-07-14 21:27:31,736  root       handle_request  DEBUG    Handling: '0111', header '7E0', ECU '7E0'
2026-07-14 21:27:31,737  root       handle_request  DEBUG    Description: Throttle Position, PID THROTTLE_POS (0111)
2026-07-14 21:27:31,737  root       handle_response DEBUG    Processing: '<pos_answer>FF</pos_answer>'
2026-07-14 21:27:31,737  root       handle_response DEBUG    Write: '4111FF\r\r>'
2026-07-14 21:27:31,820  root       run             DEBUG    Received '010D'
2026-07-14 21:27:31,821  root       handle_request  DEBUG    Handling: '010D', header '7E0', ECU '7E0'
2026-07-14 21:27:31,821  root       handle_request  DEBUG    Description: Vehicle Speed, PID SPEED (010D)
2026-07-14 21:27:31,821  root       handle_response DEBUG    Processing: '<pos_answer>64</pos_answer> <header>7EA</header><size>03</size><data>41 0D 64</data>'
2026-07-14 21:27:31,821  root       handle_response DEBUG    Write: '410D64\r410D64\r\r>'
2026-07-14 21:27:31,863  root       run             DEBUG    Received '010C'
2026-07-14 21:27:31,863  root       handle_request  DEBUG    Handling: '010C', header '7E0', ECU '7E0'
2026-07-14 21:27:31,863  root       handle_request  DEBUG    Description: Engine RPM, PID RPM (010C)
2026-07-14 21:27:31,864  root       handle_response DEBUG    Processing: '<pos_answer>37 50</pos_answer> <header>7EA</header><size>04</size><data>41 0C 37 50</data>'
2026-07-14 21:27:31,864  root       handle_response DEBUG    Write: '410C3750\r410C3750\r\r>'
2026-07-14 21:27:31,906  root       run             DEBUG    Received '0105'
2026-07-14 21:27:31,906  root       handle_request  DEBUG    Handling: '0105', header '7E0', ECU '7E0'
2026-07-14 21:27:31,906  root       handle_request  DEBUG    Description: Engine Coolant Temperature, PID COOLANT_TEMP (0105)
2026-07-14 21:27:31,907  root       handle_response DEBUG    Processing: '<pos_answer>7B</pos_answer>'
2026-07-14 21:27:31,907  root       handle_response DEBUG    Write: '41057B\r\r>'
2026-07-14 21:27:31,948  root       run             DEBUG    Received '0111'
2026-07-14 21:27:31,949  root       handle_request  DEBUG    Handling: '0111', header '7E0', ECU '7E0'
2026-07-14 21:27:31,949  root       handle_request  DEBUG    Description: Throttle Position, PID THROTTLE_POS (0111)
2026-07-14 21:27:31,949  root       handle_response DEBUG    Processing: '<pos_answer>FF</pos_answer>'
2026-07-14 21:27:31,950  root       handle_response DEBUG    Write: '4111FF\r\r>'
2026-07-14 21:27:32,032  root       run             DEBUG    Received '010D'
2026-07-14 21:27:32,033  root       handle_request  DEBUG    Handling: '010D', header '7E0', ECU '7E0'
2026-07-14 21:27:32,033  root       handle_request  DEBUG    Description: Vehicle Speed, PID SPEED (010D)
2026-07-14 21:27:32,033  root       handle_response DEBUG    Processing: '<pos_answer>60</pos_answer> <header>7EA</header><size>03</size><data>41 0D 60</data>'
2026-07-14 21:27:32,033  root       handle_response DEBUG    Write: '410D60\r410D60\r\r>'
2026-07-14 21:27:32,076  root       run             DEBUG    Received '010C'
2026-07-14 21:27:32,077  root       handle_request  DEBUG    Handling: '010C', header '7E0', ECU '7E0'
2026-07-14 21:27:32,077  root       handle_request  DEBUG    Description: Engine RPM, PID RPM (010C)
2026-07-14 21:27:32,077  root       handle_response DEBUG    Processing: '<pos_answer>37 00</pos_answer> <header>7EA</header><size>04</size><data>41 0C 37 00</data>'
2026-07-14 21:27:32,077  root       handle_response DEBUG    Write: '410C3700\r410C3700\r\r>'
2026-07-14 21:27:32,118  root       run             DEBUG    Received '0105'
2026-07-14 21:27:32,119  root       handle_request  DEBUG    Handling: '0105', header '7E0', ECU '7E0'
2026-07-14 21:27:32,119  root       handle_request  DEBUG    Description: Engine Coolant Temperature, PID COOLANT_TEMP (0105)
2026-07-14 21:27:32,119  root       handle_response DEBUG    Processing: '<pos_answer>7B</pos_answer>'
2026-07-14 21:27:32,119  root       handle_response DEBUG    Write: '41057B\r\r>'
2026-07-14 21:27:32,162  root       run             DEBUG    Received '015E'
2026-07-14 21:27:32,162  root       handle_request  DEBUG    Handling: '015E', header '7E0', ECU '7E0'
2026-07-14 21:27:32,162  root       handle_request  INFO     Unknown request: '015E', header=7E0
2026-07-14 21:27:32,163  root       handle_response DEBUG    Processing: '<writeln>NO DATA</writeln>'
2026-07-14 21:27:32,163  root       handle_response DEBUG    Write: 'NO DATA\r\r>'
2026-07-14 21:27:32,164  root       run             DEBUG    Received '0110'
2026-07-14 21:27:32,164  root       handle_request  DEBUG    Handling: '0110', header '7E0', ECU '7E0'
2026-07-14 21:27:32,165  root       handle_request  DEBUG    Description: Air Flow Rate (MAF), PID MAF (0110)
2026-07-14 21:27:32,165  root       handle_response DEBUG    Processing: '<pos_answer>05 1F</pos_answer>'
2026-07-14 21:27:32,165  root       handle_response DEBUG    Write: '4110051F\r\r>'
2026-07-14 21:27:32,166  root       run             DEBUG    Received '0151'
2026-07-14 21:27:32,166  root       handle_request  DEBUG    Handling: '0151', header '7E0', ECU '7E0'
2026-07-14 21:27:32,166  root       handle_request  DEBUG    Description: Fuel Type, PID FUEL_TYPE (0151)
2026-07-14 21:27:32,166  root       handle_response DEBUG    Processing: '<pos_answer>01</pos_answer>'
2026-07-14 21:27:32,167  root       handle_response DEBUG    Write: '415101\r\r>'
2026-07-14 21:27:32,209  root       run             DEBUG    Received '0104'
2026-07-14 21:27:32,209  root       handle_request  DEBUG    Handling: '0104', header '7E0', ECU '7E0'
2026-07-14 21:27:32,209  root       handle_request  DEBUG    Description: Calculated Engine Load, PID ENGINE_LOAD (0104)
2026-07-14 21:27:32,209  root       handle_response DEBUG    Processing: '<pos_answer>00</pos_answer>'
2026-07-14 21:27:32,210  root       handle_response DEBUG    Write: '410400\r\r>'
2026-07-14 21:27:32,252  root       run             DEBUG    Received '010F'
2026-07-14 21:27:32,252  root       handle_request  DEBUG    Handling: '010F', header '7E0', ECU '7E0'
2026-07-14 21:27:32,252  root       handle_request  DEBUG    Description: Intake Air Temp, PID INTAKE_TEMP (010F)
2026-07-14 21:27:32,252  root       handle_response DEBUG    Processing: '<pos_answer>44</pos_answer>'
2026-07-14 21:27:32,253  root       handle_response DEBUG    Write: '410F44\r\r>'
2026-07-14 21:27:32,295  root       run             DEBUG    Received '0111'
2026-07-14 21:27:32,295  root       handle_request  DEBUG    Handling: '0111', header '7E0', ECU '7E0'
2026-07-14 21:27:32,295  root       handle_request  DEBUG    Description: Throttle Position, PID THROTTLE_POS (0111)
2026-07-14 21:27:32,295  root       handle_response DEBUG    Processing: '<pos_answer>FF</pos_answer>'
2026-07-14 21:27:32,296  root       handle_response DEBUG    Write: '4111FF\r\r>'
2026-07-14 21:27:32,378  root       run             DEBUG    Received '010D'
2026-07-14 21:27:32,379  root       handle_request  DEBUG    Handling: '010D', header '7E0', ECU '7E0'
2026-07-14 21:27:32,379  root       handle_request  DEBUG    Description: Vehicle Speed, PID SPEED (010D)
2026-07-14 21:27:32,379  root       handle_response DEBUG    Processing: '<pos_answer>5C</pos_answer> <header>7EA</header><size>03</size><data>41 0D 5C</data>'
2026-07-14 21:27:32,379  root       handle_response DEBUG    Write: '410D5C\r410D5C\r\r>'
2026-07-14 21:27:32,421  root       run             DEBUG    Received '010C'
2026-07-14 21:27:32,422  root       handle_request  DEBUG    Handling: '010C', header '7E0', ECU '7E0'
2026-07-14 21:27:32,422  root       handle_request  DEBUG    Description: Engine RPM, PID RPM (010C)
2026-07-14 21:27:32,422  root       handle_response DEBUG    Processing: '<pos_answer>36 B0</pos_answer> <header>7EA</header><size>04</size><data>41 0C 36 B0</data>'
2026-07-14 21:27:32,423  root       handle_response DEBUG    Write: '410C36B0\r410C36B0\r\r>'
2026-07-14 21:27:32,465  root       run             DEBUG    Received '0105'
2026-07-14 21:27:32,465  root       handle_request  DEBUG    Handling: '0105', header '7E0', ECU '7E0'
2026-07-14 21:27:32,465  root       handle_request  DEBUG    Description: Engine Coolant Temperature, PID COOLANT_TEMP (0105)
2026-07-14 21:27:32,466  root       handle_response DEBUG    Processing: '<pos_answer>7B</pos_answer>'
2026-07-14 21:27:32,466  root       handle_response DEBUG    Write: '41057B\r\r>'
2026-07-14 21:27:32,507  root       run             DEBUG    Received '0111'
2026-07-14 21:27:32,509  root       handle_request  DEBUG    Handling: '0111', header '7E0', ECU '7E0'
2026-07-14 21:27:32,509  root       handle_request  DEBUG    Description: Throttle Position, PID THROTTLE_POS (0111)
2026-07-14 21:27:32,509  root       handle_response DEBUG    Processing: '<pos_answer>FF</pos_answer>'
2026-07-14 21:27:32,509  root       handle_response DEBUG    Write: '4111FF\r\r>'
2026-07-14 21:27:32,591  root       run             DEBUG    Received '010D'
2026-07-14 21:27:32,591  root       handle_request  DEBUG    Handling: '010D', header '7E0', ECU '7E0'
2026-07-14 21:27:32,592  root       handle_request  DEBUG    Description: Vehicle Speed, PID SPEED (010D)
2026-07-14 21:27:32,592  root       handle_response DEBUG    Processing: '<pos_answer>58</pos_answer> <header>7EA</header><size>03</size><data>41 0D 58</data>'
2026-07-14 21:27:32,592  root       handle_response DEBUG    Write: '410D58\r410D58\r\r>'
2026-07-14 21:27:32,638  root       run             DEBUG    Received '010C'
2026-07-14 21:27:32,638  root       handle_request  DEBUG    Handling: '010C', header '7E0', ECU '7E0'
2026-07-14 21:27:32,639  root       handle_request  DEBUG    Description: Engine RPM, PID RPM (010C)
2026-07-14 21:27:32,639  root       handle_response DEBUG    Processing: '<pos_answer>36 60</pos_answer> <header>7EA</header><size>04</size><data>41 0C 36 60</data>'
2026-07-14 21:27:32,639  root       handle_response DEBUG    Write: '410C3660\r410C3660\r\r>'
2026-07-14 21:27:32,681  root       run             DEBUG    Received '0105'
2026-07-14 21:27:32,681  root       handle_request  DEBUG    Handling: '0105', header '7E0', ECU '7E0'
2026-07-14 21:27:32,681  root       handle_request  DEBUG    Description: Engine Coolant Temperature, PID COOLANT_TEMP (0105)
2026-07-14 21:27:32,682  root       handle_response DEBUG    Processing: '<pos_answer>7B</pos_answer>'
2026-07-14 21:27:32,682  root       handle_response DEBUG    Write: '41057B\r\r>'
2026-07-14 21:27:32,724  root       run             DEBUG    Received '0111'
2026-07-14 21:27:32,724  root       handle_request  DEBUG    Handling: '0111', header '7E0', ECU '7E0'
2026-07-14 21:27:32,724  root       handle_request  DEBUG    Description: Throttle Position, PID THROTTLE_POS (0111)
2026-07-14 21:27:32,725  root       handle_response DEBUG    Processing: '<pos_answer>FF</pos_answer>'
2026-07-14 21:27:32,725  root       handle_response DEBUG    Write: '4111FF\r\r>'
2026-07-14 21:27:32,807  root       run             DEBUG    Received '010D'
2026-07-14 21:27:32,808  root       handle_request  DEBUG    Handling: '010D', header '7E0', ECU '7E0'
2026-07-14 21:27:32,808  root       handle_request  DEBUG    Description: Vehicle Speed, PID SPEED (010D)
2026-07-14 21:27:32,808  root       handle_response DEBUG    Processing: '<pos_answer>54</pos_answer> <header>7EA</header><size>03</size><data>41 0D 54</data>'
2026-07-14 21:27:32,808  root       handle_response DEBUG    Write: '410D54\r410D54\r\r>'
2026-07-14 21:27:32,850  root       run             DEBUG    Received '010C'
2026-07-14 21:27:32,850  root       handle_request  DEBUG    Handling: '010C', header '7E0', ECU '7E0'
2026-07-14 21:27:32,850  root       handle_request  DEBUG    Description: Engine RPM, PID RPM (010C)
2026-07-14 21:27:32,852  root       handle_response DEBUG    Processing: '<pos_answer>36 10</pos_answer> <header>7EA</header><size>04</size><data>41 0C 36 10</data>'
2026-07-14 21:27:32,852  root       handle_response DEBUG    Write: '410C3610\r410C3610\r\r>'
2026-07-14 21:27:32,893  root       run             DEBUG    Received '0105'
2026-07-14 21:27:32,893  root       handle_request  DEBUG    Handling: '0105', header '7E0', ECU '7E0'
2026-07-14 21:27:32,894  root       handle_request  DEBUG    Description: Engine Coolant Temperature, PID COOLANT_TEMP (0105)
2026-07-14 21:27:32,894  root       handle_response DEBUG    Processing: '<pos_answer>7B</pos_answer>'
2026-07-14 21:27:32,894  root       handle_response DEBUG    Write: '41057B\r\r>'
2026-07-14 21:27:32,936  root       run             DEBUG    Received '0111'
2026-07-14 21:27:32,937  root       handle_request  DEBUG    Handling: '0111', header '7E0', ECU '7E0'
2026-07-14 21:27:32,938  root       handle_request  DEBUG    Description: Throttle Position, PID THROTTLE_POS (0111)
2026-07-14 21:27:32,938  root       handle_response DEBUG    Processing: '<pos_answer>FF</pos_answer>'
2026-07-14 21:27:32,938  root       handle_response DEBUG    Write: '4111FF\r\r>'
2026-07-14 21:27:33,020  root       run             DEBUG    Received '010D'
2026-07-14 21:27:33,021  root       handle_request  DEBUG    Handling: '010D', header '7E0', ECU '7E0'
2026-07-14 21:27:33,021  root       handle_request  DEBUG    Description: Vehicle Speed, PID SPEED (010D)
2026-07-14 21:27:33,021  root       handle_response DEBUG    Processing: '<pos_answer>50</pos_answer> <header>7EA</header><size>03</size><data>41 0D 50</data>'
2026-07-14 21:27:33,021  root       handle_response DEBUG    Write: '410D50\r410D50\r\r>'
2026-07-14 21:27:33,063  root       run             DEBUG    Received '010C'
2026-07-14 21:27:33,064  root       handle_request  DEBUG    Handling: '010C', header '7E0', ECU '7E0'
2026-07-14 21:27:33,064  root       handle_request  DEBUG    Description: Engine RPM, PID RPM (010C)
2026-07-14 21:27:33,064  root       handle_response DEBUG    Processing: '<pos_answer>35 C0</pos_answer> <header>7EA</header><size>04</size><data>41 0C 35 C0</data>'
2026-07-14 21:27:33,064  root       handle_response DEBUG    Write: '410C35C0\r410C35C0\r\r>'
2026-07-14 21:27:33,107  root       run             DEBUG    Received '0105'
2026-07-14 21:27:33,107  root       handle_request  DEBUG    Handling: '0105', header '7E0', ECU '7E0'
2026-07-14 21:27:33,107  root       handle_request  DEBUG    Description: Engine Coolant Temperature, PID COOLANT_TEMP (0105)
2026-07-14 21:27:33,107  root       handle_response DEBUG    Processing: '<pos_answer>7B</pos_answer>'
2026-07-14 21:27:33,108  root       handle_response DEBUG    Write: '41057B\r\r>'
2026-07-14 21:27:33,149  root       run             DEBUG    Received '0111'
2026-07-14 21:27:33,150  root       handle_request  DEBUG    Handling: '0111', header '7E0', ECU '7E0'
2026-07-14 21:27:33,150  root       handle_request  DEBUG    Description: Throttle Position, PID THROTTLE_POS (0111)
2026-07-14 21:27:33,150  root       handle_response DEBUG    Processing: '<pos_answer>FF</pos_answer>'
2026-07-14 21:27:33,150  root       handle_response DEBUG    Write: '4111FF\r\r>'
2026-07-14 21:27:33,233  root       run             DEBUG    Received '010D'
2026-07-14 21:27:33,234  root       handle_request  DEBUG    Handling: '010D', header '7E0', ECU '7E0'
2026-07-14 21:27:33,234  root       handle_request  DEBUG    Description: Vehicle Speed, PID SPEED (010D)
2026-07-14 21:27:33,234  root       handle_response DEBUG    Processing: '<pos_answer>4C</pos_answer> <header>7EA</header><size>03</size><data>41 0D 4C</data>'
2026-07-14 21:27:33,235  root       handle_response DEBUG    Write: '410D4C\r410D4C\r\r>'
2026-07-14 21:27:33,276  root       run             DEBUG    Received '010C'
2026-07-14 21:27:33,277  root       handle_request  DEBUG    Handling: '010C', header '7E0', ECU '7E0'
2026-07-14 21:27:33,277  root       handle_request  DEBUG    Description: Engine RPM, PID RPM (010C)
2026-07-14 21:27:33,277  root       handle_response DEBUG    Processing: '<pos_answer>35 70</pos_answer> <header>7EA</header><size>04</size><data>41 0C 35 70</data>'
2026-07-14 21:27:33,278  root       handle_response DEBUG    Write: '410C3570\r410C3570\r\r>'
2026-07-14 21:27:33,319  root       run             DEBUG    Received '0105'
2026-07-14 21:27:33,320  root       handle_request  DEBUG    Handling: '0105', header '7E0', ECU '7E0'
2026-07-14 21:27:33,320  root       handle_request  DEBUG    Description: Engine Coolant Temperature, PID COOLANT_TEMP (0105)
2026-07-14 21:27:33,320  root       handle_response DEBUG    Processing: '<pos_answer>7B</pos_answer>'
2026-07-14 21:27:33,321  root       handle_response DEBUG    Write: '41057B\r\r>'
2026-07-14 21:27:33,376  root       run             DEBUG    Received '0111'
2026-07-14 21:27:33,377  root       handle_request  DEBUG    Handling: '0111', header '7E0', ECU '7E0'
2026-07-14 21:27:33,377  root       handle_request  DEBUG    Description: Throttle Position, PID THROTTLE_POS (0111)
2026-07-14 21:27:33,377  root       handle_response DEBUG    Processing: '<pos_answer>FF</pos_answer>'
2026-07-14 21:27:33,377  root       handle_response DEBUG    Write: '4111FF\r\r>'
2026-07-14 21:27:33,460  root       run             DEBUG    Received '010D'
2026-07-14 21:27:33,460  root       handle_request  DEBUG    Handling: '010D', header '7E0', ECU '7E0'
2026-07-14 21:27:33,460  root       handle_request  DEBUG    Description: Vehicle Speed, PID SPEED (010D)
2026-07-14 21:27:33,461  root       handle_response DEBUG    Processing: '<pos_answer>48</pos_answer> <header>7EA</header><size>03</size><data>41 0D 48</data>'
2026-07-14 21:27:33,461  root       handle_response DEBUG    Write: '410D48\r410D48\r\r>'
2026-07-14 21:27:33,503  root       run             DEBUG    Received '010C'
2026-07-14 21:27:33,504  root       handle_request  DEBUG    Handling: '010C', header '7E0', ECU '7E0'
2026-07-14 21:27:33,504  root       handle_request  DEBUG    Description: Engine RPM, PID RPM (010C)
2026-07-14 21:27:33,504  root       handle_response DEBUG    Processing: '<pos_answer>35 20</pos_answer> <header>7EA</header><size>04</size><data>41 0C 35 20</data>'
2026-07-14 21:27:33,504  root       handle_response DEBUG    Write: '410C3520\r410C3520\r\r>'
2026-07-14 21:27:33,547  root       run             DEBUG    Received '0105'
2026-07-14 21:27:33,547  root       handle_request  DEBUG    Handling: '0105', header '7E0', ECU '7E0'
2026-07-14 21:27:33,547  root       handle_request  DEBUG    Description: Engine Coolant Temperature, PID COOLANT_TEMP (0105)
2026-07-14 21:27:33,547  root       handle_response DEBUG    Processing: '<pos_answer>7B</pos_answer>'
2026-07-14 21:27:33,548  root       handle_response DEBUG    Write: '41057B\r\r>'
2026-07-14 21:27:33,589  root       run             DEBUG    Received '0111'
2026-07-14 21:27:33,590  root       handle_request  DEBUG    Handling: '0111', header '7E0', ECU '7E0'
2026-07-14 21:27:33,590  root       handle_request  DEBUG    Description: Throttle Position, PID THROTTLE_POS (0111)
2026-07-14 21:27:33,590  root       handle_response DEBUG    Processing: '<pos_answer>FF</pos_answer>'
2026-07-14 21:27:33,590  root       handle_response DEBUG    Write: '4111FF\r\r>'
2026-07-14 21:27:33,673  root       run             DEBUG    Received '010D'
2026-07-14 21:27:33,674  root       handle_request  DEBUG    Handling: '010D', header '7E0', ECU '7E0'
2026-07-14 21:27:33,674  root       handle_request  DEBUG    Description: Vehicle Speed, PID SPEED (010D)
2026-07-14 21:27:33,674  root       handle_response DEBUG    Processing: '<pos_answer>44</pos_answer> <header>7EA</header><size>03</size><data>41 0D 44</data>'
2026-07-14 21:27:33,674  root       handle_response DEBUG    Write: '410D44\r410D44\r\r>'
2026-07-14 21:27:33,715  root       run             DEBUG    Received '010C'
2026-07-14 21:27:33,716  root       handle_request  DEBUG    Handling: '010C', header '7E0', ECU '7E0'
2026-07-14 21:27:33,716  root       handle_request  DEBUG    Description: Engine RPM, PID RPM (010C)
2026-07-14 21:27:33,716  root       handle_response DEBUG    Processing: '<pos_answer>34 D0</pos_answer> <header>7EA</header><size>04</size><data>41 0C 34 D0</data>'
2026-07-14 21:27:33,716  root       handle_response DEBUG    Write: '410C34D0\r410C34D0\r\r>'
2026-07-14 21:27:33,758  root       run             DEBUG    Received '0105'
2026-07-14 21:27:33,759  root       handle_request  DEBUG    Handling: '0105', header '7E0', ECU '7E0'
2026-07-14 21:27:33,759  root       handle_request  DEBUG    Description: Engine Coolant Temperature, PID COOLANT_TEMP (0105)
2026-07-14 21:27:33,759  root       handle_response DEBUG    Processing: '<pos_answer>7B</pos_answer>'
2026-07-14 21:27:33,759  root       handle_response DEBUG    Write: '41057B\r\r>'
2026-07-14 21:27:33,802  root       run             DEBUG    Received '0111'
2026-07-14 21:27:33,802  root       handle_request  DEBUG    Handling: '0111', header '7E0', ECU '7E0'
2026-07-14 21:27:33,802  root       handle_request  DEBUG    Description: Throttle Position, PID THROTTLE_POS (0111)
2026-07-14 21:27:33,803  root       handle_response DEBUG    Processing: '<pos_answer>FF</pos_answer>'
2026-07-14 21:27:33,803  root       handle_response DEBUG    Write: '4111FF\r\r>'
2026-07-14 21:27:33,884  root       run             DEBUG    Received '010D'
2026-07-14 21:27:33,885  root       handle_request  DEBUG    Handling: '010D', header '7E0', ECU '7E0'
2026-07-14 21:27:33,885  root       handle_request  DEBUG    Description: Vehicle Speed, PID SPEED (010D)
2026-07-14 21:27:33,885  root       handle_response DEBUG    Processing: '<pos_answer>40</pos_answer> <header>7EA</header><size>03</size><data>41 0D 40</data>'
2026-07-14 21:27:33,885  root       handle_response DEBUG    Write: '410D40\r410D40\r\r>'
2026-07-14 21:27:33,928  root       run             DEBUG    Received '010C'
2026-07-14 21:27:33,928  root       handle_request  DEBUG    Handling: '010C', header '7E0', ECU '7E0'
2026-07-14 21:27:33,928  root       handle_request  DEBUG    Description: Engine RPM, PID RPM (010C)
2026-07-14 21:27:33,929  root       handle_response DEBUG    Processing: '<pos_answer>34 80</pos_answer> <header>7EA</header><size>04</size><data>41 0C 34 80</data>'
2026-07-14 21:27:33,929  root       handle_response DEBUG    Write: '410C3480\r410C3480\r\r>'
2026-07-14 21:27:33,970  root       run             DEBUG    Received '0105'
2026-07-14 21:27:33,970  root       handle_request  DEBUG    Handling: '0105', header '7E0', ECU '7E0'
2026-07-14 21:27:33,970  root       handle_request  DEBUG    Description: Engine Coolant Temperature, PID COOLANT_TEMP (0105)
2026-07-14 21:27:33,971  root       handle_response DEBUG    Processing: '<pos_answer>7B</pos_answer>'
2026-07-14 21:27:33,971  root       handle_response DEBUG    Write: '41057B\r\r>'
2026-07-14 21:27:34,013  root       run             DEBUG    Received '0111'
2026-07-14 21:27:34,014  root       handle_request  DEBUG    Handling: '0111', header '7E0', ECU '7E0'
2026-07-14 21:27:34,014  root       handle_request  DEBUG    Description: Throttle Position, PID THROTTLE_POS (0111)
2026-07-14 21:27:34,014  root       handle_response DEBUG    Processing: '<pos_answer>FF</pos_answer>'
2026-07-14 21:27:34,015  root       handle_response DEBUG    Write: '4111FF\r\r>'
2026-07-14 21:27:34,097  root       run             DEBUG    Received '010D'
2026-07-14 21:27:34,097  root       handle_request  DEBUG    Handling: '010D', header '7E0', ECU '7E0'
2026-07-14 21:27:34,098  root       handle_request  DEBUG    Description: Vehicle Speed, PID SPEED (010D)
2026-07-14 21:27:34,098  root       handle_response DEBUG    Processing: '<pos_answer>3C</pos_answer> <header>7EA</header><size>03</size><data>41 0D 3C</data>'
2026-07-14 21:27:34,098  root       handle_response DEBUG    Write: '410D3C\r410D3C\r\r>'
2026-07-14 21:27:34,140  root       run             DEBUG    Received '010C'
2026-07-14 21:27:34,141  root       handle_request  DEBUG    Handling: '010C', header '7E0', ECU '7E0'
2026-07-14 21:27:34,141  root       handle_request  DEBUG    Description: Engine RPM, PID RPM (010C)
2026-07-14 21:27:34,141  root       handle_response DEBUG    Processing: '<pos_answer>34 30</pos_answer> <header>7EA</header><size>04</size><data>41 0C 34 30</data>'
2026-07-14 21:27:34,142  root       handle_response DEBUG    Write: '410C3430\r410C3430\r\r>'
2026-07-14 21:27:34,183  root       run             DEBUG    Received '0105'
2026-07-14 21:27:34,183  root       handle_request  DEBUG    Handling: '0105', header '7E0', ECU '7E0'
2026-07-14 21:27:34,183  root       handle_request  DEBUG    Description: Engine Coolant Temperature, PID COOLANT_TEMP (0105)
2026-07-14 21:27:34,185  root       handle_response DEBUG    Processing: '<pos_answer>7B</pos_answer>'
2026-07-14 21:27:34,185  root       handle_response DEBUG    Write: '41057B\r\r>'
2026-07-14 21:27:34,226  root       run             DEBUG    Received '0111'
2026-07-14 21:27:34,226  root       handle_request  DEBUG    Handling: '0111', header '7E0', ECU '7E0'
2026-07-14 21:27:34,227  root       handle_request  DEBUG    Description: Throttle Position, PID THROTTLE_POS (0111)
2026-07-14 21:27:34,227  root       handle_response DEBUG    Processing: '<pos_answer>FF</pos_answer>'
2026-07-14 21:27:34,227  root       handle_response DEBUG    Write: '4111FF\r\r>'
2026-07-14 21:27:34,310  root       run             DEBUG    Received '010D'
2026-07-14 21:27:34,310  root       handle_request  DEBUG    Handling: '010D', header '7E0', ECU '7E0'
2026-07-14 21:27:34,310  root       handle_request  DEBUG    Description: Vehicle Speed, PID SPEED (010D)
2026-07-14 21:27:34,311  root       handle_response DEBUG    Processing: '<pos_answer>38</pos_answer> <header>7EA</header><size>03</size><data>41 0D 38</data>'
2026-07-14 21:27:34,311  root       handle_response DEBUG    Write: '410D38\r410D38\r\r>'
2026-07-14 21:27:34,352  root       run             DEBUG    Received '010C'
2026-07-14 21:27:34,352  root       handle_request  DEBUG    Handling: '010C', header '7E0', ECU '7E0'
2026-07-14 21:27:34,353  root       handle_request  DEBUG    Description: Engine RPM, PID RPM (010C)
2026-07-14 21:27:34,353  root       handle_response DEBUG    Processing: '<pos_answer>33 E0</pos_answer> <header>7EA</header><size>04</size><data>41 0C 33 E0</data>'
2026-07-14 21:27:34,353  root       handle_response DEBUG    Write: '410C33E0\r410C33E0\r\r>'
2026-07-14 21:27:34,395  root       run             DEBUG    Received '0105'
2026-07-14 21:27:34,396  root       handle_request  DEBUG    Handling: '0105', header '7E0', ECU '7E0'
2026-07-14 21:27:34,396  root       handle_request  DEBUG    Description: Engine Coolant Temperature, PID COOLANT_TEMP (0105)
2026-07-14 21:27:34,396  root       handle_response DEBUG    Processing: '<pos_answer>7B</pos_answer>'
2026-07-14 21:27:34,396  root       handle_response DEBUG    Write: '41057B\r\r>'
2026-07-14 21:27:34,439  root       run             DEBUG    Received '015E'
2026-07-14 21:27:34,440  root       handle_request  DEBUG    Handling: '015E', header '7E0', ECU '7E0'
2026-07-14 21:27:34,440  root       handle_request  INFO     Unknown request: '015E', header=7E0
2026-07-14 21:27:34,442  root       handle_response DEBUG    Processing: '<writeln>NO DATA</writeln>'
2026-07-14 21:27:34,442  root       handle_response DEBUG    Write: 'NO DATA\r\r>'
2026-07-14 21:27:34,443  root       run             DEBUG    Received '0110'
2026-07-14 21:27:34,443  root       handle_request  DEBUG    Handling: '0110', header '7E0', ECU '7E0'
2026-07-14 21:27:34,443  root       handle_request  DEBUG    Description: Air Flow Rate (MAF), PID MAF (0110)
2026-07-14 21:27:34,444  root       handle_response DEBUG    Processing: '<pos_answer>05 1F</pos_answer>'
2026-07-14 21:27:34,444  root       handle_response DEBUG    Write: '4110051F\r\r>'
2026-07-14 21:27:34,445  root       run             DEBUG    Received '0151'
2026-07-14 21:27:34,445  root       handle_request  DEBUG    Handling: '0151', header '7E0', ECU '7E0'
2026-07-14 21:27:34,446  root       handle_request  DEBUG    Description: Fuel Type, PID FUEL_TYPE (0151)
2026-07-14 21:27:34,446  root       handle_response DEBUG    Processing: '<pos_answer>01</pos_answer>'
2026-07-14 21:27:34,446  root       handle_response DEBUG    Write: '415101\r\r>'
2026-07-14 21:27:34,487  root       run             DEBUG    Received '0104'
2026-07-14 21:27:34,488  root       handle_request  DEBUG    Handling: '0104', header '7E0', ECU '7E0'
2026-07-14 21:27:34,488  root       handle_request  DEBUG    Description: Calculated Engine Load, PID ENGINE_LOAD (0104)
2026-07-14 21:27:34,488  root       handle_response DEBUG    Processing: '<pos_answer>00</pos_answer>'
2026-07-14 21:27:34,488  root       handle_response DEBUG    Write: '410400\r\r>'
2026-07-14 21:27:34,530  root       run             DEBUG    Received '010F'
2026-07-14 21:27:34,530  root       handle_request  DEBUG    Handling: '010F', header '7E0', ECU '7E0'
2026-07-14 21:27:34,530  root       handle_request  DEBUG    Description: Intake Air Temp, PID INTAKE_TEMP (010F)
2026-07-14 21:27:34,530  root       handle_response DEBUG    Processing: '<pos_answer>44</pos_answer>'
2026-07-14 21:27:34,531  root       handle_response DEBUG    Write: '410F44\r\r>'
2026-07-14 21:27:34,572  root       run             DEBUG    Received '0111'
2026-07-14 21:27:34,573  root       handle_request  DEBUG    Handling: '0111', header '7E0', ECU '7E0'
2026-07-14 21:27:34,573  root       handle_request  DEBUG    Description: Throttle Position, PID THROTTLE_POS (0111)
2026-07-14 21:27:34,573  root       handle_response DEBUG    Processing: '<pos_answer>FF</pos_answer>'
2026-07-14 21:27:34,573  root       handle_response DEBUG    Write: '4111FF\r\r>'
2026-07-14 21:27:34,656  root       run             DEBUG    Received '010D'
2026-07-14 21:27:34,657  root       handle_request  DEBUG    Handling: '010D', header '7E0', ECU '7E0'
2026-07-14 21:27:34,657  root       handle_request  DEBUG    Description: Vehicle Speed, PID SPEED (010D)
2026-07-14 21:27:34,657  root       handle_response DEBUG    Processing: '<pos_answer>34</pos_answer> <header>7EA</header><size>03</size><data>41 0D 34</data>'
2026-07-14 21:27:34,658  root       handle_response DEBUG    Write: '410D34\r410D34\r\r>'
2026-07-14 21:27:34,700  root       run             DEBUG    Received '010C'
2026-07-14 21:27:34,700  root       handle_request  DEBUG    Handling: '010C', header '7E0', ECU '7E0'
2026-07-14 21:27:34,700  root       handle_request  DEBUG    Description: Engine RPM, PID RPM (010C)
2026-07-14 21:27:34,701  root       handle_response DEBUG    Processing: '<pos_answer>33 90</pos_answer> <header>7EA</header><size>04</size><data>41 0C 33 90</data>'
2026-07-14 21:27:34,701  root       handle_response DEBUG    Write: '410C3390\r410C3390\r\r>'
2026-07-14 21:27:34,743  root       run             DEBUG    Received '0105'
2026-07-14 21:27:34,743  root       handle_request  DEBUG    Handling: '0105', header '7E0', ECU '7E0'
2026-07-14 21:27:34,743  root       handle_request  DEBUG    Description: Engine Coolant Temperature, PID COOLANT_TEMP (0105)
2026-07-14 21:27:34,744  root       handle_response DEBUG    Processing: '<pos_answer>7B</pos_answer>'
2026-07-14 21:27:34,744  root       handle_response DEBUG    Write: '41057B\r\r>'
2026-07-14 21:27:34,786  root       run             DEBUG    Received '0111'
2026-07-14 21:27:34,786  root       handle_request  DEBUG    Handling: '0111', header '7E0', ECU '7E0'
2026-07-14 21:27:34,786  root       handle_request  DEBUG    Description: Throttle Position, PID THROTTLE_POS (0111)
2026-07-14 21:27:34,787  root       handle_response DEBUG    Processing: '<pos_answer>FF</pos_answer>'
2026-07-14 21:27:34,787  root       handle_response DEBUG    Write: '4111FF\r\r>'
2026-07-14 21:27:34,869  root       run             DEBUG    Received '010D'
2026-07-14 21:27:34,869  root       handle_request  DEBUG    Handling: '010D', header '7E0', ECU '7E0'
2026-07-14 21:27:34,869  root       handle_request  DEBUG    Description: Vehicle Speed, PID SPEED (010D)
2026-07-14 21:27:34,869  root       handle_response DEBUG    Processing: '<pos_answer>30</pos_answer> <header>7EA</header><size>03</size><data>41 0D 30</data>'
2026-07-14 21:27:34,870  root       handle_response DEBUG    Write: '410D30\r410D30\r\r>'
2026-07-14 21:27:34,911  root       run             DEBUG    Received '010C'
2026-07-14 21:27:34,912  root       handle_request  DEBUG    Handling: '010C', header '7E0', ECU '7E0'
2026-07-14 21:27:34,912  root       handle_request  DEBUG    Description: Engine RPM, PID RPM (010C)
2026-07-14 21:27:34,912  root       handle_response DEBUG    Processing: '<pos_answer>33 40</pos_answer> <header>7EA</header><size>04</size><data>41 0C 33 40</data>'
2026-07-14 21:27:34,912  root       handle_response DEBUG    Write: '410C3340\r410C3340\r\r>'
2026-07-14 21:27:34,954  root       run             DEBUG    Received '0105'
2026-07-14 21:27:34,955  root       handle_request  DEBUG    Handling: '0105', header '7E0', ECU '7E0'
2026-07-14 21:27:34,955  root       handle_request  DEBUG    Description: Engine Coolant Temperature, PID COOLANT_TEMP (0105)
2026-07-14 21:27:34,955  root       handle_response DEBUG    Processing: '<pos_answer>7B</pos_answer>'
2026-07-14 21:27:34,956  root       handle_response DEBUG    Write: '41057B\r\r>'
2026-07-14 21:27:34,997  root       run             DEBUG    Received '0111'
2026-07-14 21:27:34,998  root       handle_request  DEBUG    Handling: '0111', header '7E0', ECU '7E0'
2026-07-14 21:27:34,998  root       handle_request  DEBUG    Description: Throttle Position, PID THROTTLE_POS (0111)
2026-07-14 21:27:34,998  root       handle_response DEBUG    Processing: '<pos_answer>FF</pos_answer>'
2026-07-14 21:27:34,998  root       handle_response DEBUG    Write: '4111FF\r\r>'
2026-07-14 21:27:35,080  root       run             DEBUG    Received '010D'
2026-07-14 21:27:35,081  root       handle_request  DEBUG    Handling: '010D', header '7E0', ECU '7E0'
2026-07-14 21:27:35,081  root       handle_request  DEBUG    Description: Vehicle Speed, PID SPEED (010D)
2026-07-14 21:27:35,081  root       handle_response DEBUG    Processing: '<pos_answer>2C</pos_answer> <header>7EA</header><size>03</size><data>41 0D 2C</data>'
2026-07-14 21:27:35,082  root       handle_response DEBUG    Write: '410D2C\r410D2C\r\r>'
2026-07-14 21:27:35,123  root       run             DEBUG    Received '010C'
2026-07-14 21:27:35,124  root       handle_request  DEBUG    Handling: '010C', header '7E0', ECU '7E0'
2026-07-14 21:27:35,124  root       handle_request  DEBUG    Description: Engine RPM, PID RPM (010C)
2026-07-14 21:27:35,124  root       handle_response DEBUG    Processing: '<pos_answer>32 F0</pos_answer> <header>7EA</header><size>04</size><data>41 0C 32 F0</data>'
2026-07-14 21:27:35,124  root       handle_response DEBUG    Write: '410C32F0\r410C32F0\r\r>'
2026-07-14 21:27:35,167  root       run             DEBUG    Received '0105'
2026-07-14 21:27:35,167  root       handle_request  DEBUG    Handling: '0105', header '7E0', ECU '7E0'
2026-07-14 21:27:35,167  root       handle_request  DEBUG    Description: Engine Coolant Temperature, PID COOLANT_TEMP (0105)
2026-07-14 21:27:35,167  root       handle_response DEBUG    Processing: '<pos_answer>7B</pos_answer>'
2026-07-14 21:27:35,168  root       handle_response DEBUG    Write: '41057B\r\r>'
2026-07-14 21:27:35,210  root       run             DEBUG    Received '0111'
2026-07-14 21:27:35,210  root       handle_request  DEBUG    Handling: '0111', header '7E0', ECU '7E0'
2026-07-14 21:27:35,210  root       handle_request  DEBUG    Description: Throttle Position, PID THROTTLE_POS (0111)
2026-07-14 21:27:35,210  root       handle_response DEBUG    Processing: '<pos_answer>FF</pos_answer>'
2026-07-14 21:27:35,211  root       handle_response DEBUG    Write: '4111FF\r\r>'
2026-07-14 21:27:35,293  root       run             DEBUG    Received '010D'
2026-07-14 21:27:35,293  root       handle_request  DEBUG    Handling: '010D', header '7E0', ECU '7E0'
2026-07-14 21:27:35,293  root       handle_request  DEBUG    Description: Vehicle Speed, PID SPEED (010D)
2026-07-14 21:27:35,294  root       handle_response DEBUG    Processing: '<pos_answer>28</pos_answer> <header>7EA</header><size>03</size><data>41 0D 28</data>'
2026-07-14 21:27:35,294  root       handle_response DEBUG    Write: '410D28\r410D28\r\r>'
2026-07-14 21:27:35,335  root       run             DEBUG    Received '010C'
2026-07-14 21:27:35,336  root       handle_request  DEBUG    Handling: '010C', header '7E0', ECU '7E0'
2026-07-14 21:27:35,336  root       handle_request  DEBUG    Description: Engine RPM, PID RPM (010C)
2026-07-14 21:27:35,336  root       handle_response DEBUG    Processing: '<pos_answer>32 A0</pos_answer> <header>7EA</header><size>04</size><data>41 0C 32 A0</data>'
2026-07-14 21:27:35,337  root       handle_response DEBUG    Write: '410C32A0\r410C32A0\r\r>'
2026-07-14 21:27:35,378  root       run             DEBUG    Received '0105'
2026-07-14 21:27:35,379  root       handle_request  DEBUG    Handling: '0105', header '7E0', ECU '7E0'
2026-07-14 21:27:35,379  root       handle_request  DEBUG    Description: Engine Coolant Temperature, PID COOLANT_TEMP (0105)
2026-07-14 21:27:35,379  root       handle_response DEBUG    Processing: '<pos_answer>7B</pos_answer>'
2026-07-14 21:27:35,379  root       handle_response DEBUG    Write: '41057B\r\r>'
2026-07-14 21:27:35,421  root       run             DEBUG    Received '0111'
2026-07-14 21:27:35,422  root       handle_request  DEBUG    Handling: '0111', header '7E0', ECU '7E0'
2026-07-14 21:27:35,422  root       handle_request  DEBUG    Description: Throttle Position, PID THROTTLE_POS (0111)
2026-07-14 21:27:35,422  root       handle_response DEBUG    Processing: '<pos_answer>FF</pos_answer>'
2026-07-14 21:27:35,423  root       handle_response DEBUG    Write: '4111FF\r\r>'
2026-07-14 21:27:35,506  root       run             DEBUG    Received '010D'
2026-07-14 21:27:35,507  root       handle_request  DEBUG    Handling: '010D', header '7E0', ECU '7E0'
2026-07-14 21:27:35,507  root       handle_request  DEBUG    Description: Vehicle Speed, PID SPEED (010D)
2026-07-14 21:27:35,507  root       handle_response DEBUG    Processing: '<pos_answer>24</pos_answer> <header>7EA</header><size>03</size><data>41 0D 24</data>'
2026-07-14 21:27:35,507  root       handle_response DEBUG    Write: '410D24\r410D24\r\r>'
2026-07-14 21:27:35,550  root       run             DEBUG    Received '010C'
2026-07-14 21:27:35,550  root       handle_request  DEBUG    Handling: '010C', header '7E0', ECU '7E0'
2026-07-14 21:27:35,550  root       handle_request  DEBUG    Description: Engine RPM, PID RPM (010C)
2026-07-14 21:27:35,550  root       handle_response DEBUG    Processing: '<pos_answer>32 50</pos_answer> <header>7EA</header><size>04</size><data>41 0C 32 50</data>'
2026-07-14 21:27:35,551  root       handle_response DEBUG    Write: '410C3250\r410C3250\r\r>'
2026-07-14 21:27:35,600  root       run             DEBUG    Received '0105'
2026-07-14 21:27:35,600  root       handle_request  DEBUG    Handling: '0105', header '7E0', ECU '7E0'
2026-07-14 21:27:35,600  root       handle_request  DEBUG    Description: Engine Coolant Temperature, PID COOLANT_TEMP (0105)
2026-07-14 21:27:35,600  root       handle_response DEBUG    Processing: '<pos_answer>7B</pos_answer>'
2026-07-14 21:27:35,600  root       handle_response DEBUG    Write: '41057B\r\r>'
2026-07-14 21:27:35,642  root       run             DEBUG    Received '0111'
2026-07-14 21:27:35,643  root       handle_request  DEBUG    Handling: '0111', header '7E0', ECU '7E0'
2026-07-14 21:27:35,643  root       handle_request  DEBUG    Description: Throttle Position, PID THROTTLE_POS (0111)
2026-07-14 21:27:35,643  root       handle_response DEBUG    Processing: '<pos_answer>FF</pos_answer>'
2026-07-14 21:27:35,643  root       handle_response DEBUG    Write: '4111FF\r\r>'
2026-07-14 21:27:35,726  root       run             DEBUG    Received '010D'
2026-07-14 21:27:35,726  root       handle_request  DEBUG    Handling: '010D', header '7E0', ECU '7E0'
2026-07-14 21:27:35,727  root       handle_request  DEBUG    Description: Vehicle Speed, PID SPEED (010D)
2026-07-14 21:27:35,727  root       handle_response DEBUG    Processing: '<pos_answer>20</pos_answer> <header>7EA</header><size>03</size><data>41 0D 20</data>'
2026-07-14 21:27:35,727  root       handle_response DEBUG    Write: '410D20\r410D20\r\r>'
2026-07-14 21:27:35,769  root       run             DEBUG    Received '010C'
2026-07-14 21:27:35,769  root       handle_request  DEBUG    Handling: '010C', header '7E0', ECU '7E0'
2026-07-14 21:27:35,769  root       handle_request  DEBUG    Description: Engine RPM, PID RPM (010C)
2026-07-14 21:27:35,770  root       handle_response DEBUG    Processing: '<pos_answer>32 00</pos_answer> <header>7EA</header><size>04</size><data>41 0C 32 00</data>'
2026-07-14 21:27:35,770  root       handle_response DEBUG    Write: '410C3200\r410C3200\r\r>'
2026-07-14 21:27:35,812  root       run             DEBUG    Received '0105'
2026-07-14 21:27:35,812  root       handle_request  DEBUG    Handling: '0105', header '7E0', ECU '7E0'
2026-07-14 21:27:35,812  root       handle_request  DEBUG    Description: Engine Coolant Temperature, PID COOLANT_TEMP (0105)
2026-07-14 21:27:35,813  root       handle_response DEBUG    Processing: '<pos_answer>7B</pos_answer>'
2026-07-14 21:27:35,813  root       handle_response DEBUG    Write: '41057B\r\r>'
2026-07-14 21:27:35,854  root       run             DEBUG    Received '0111'
2026-07-14 21:27:35,855  root       handle_request  DEBUG    Handling: '0111', header '7E0', ECU '7E0'
2026-07-14 21:27:35,855  root       handle_request  DEBUG    Description: Throttle Position, PID THROTTLE_POS (0111)
2026-07-14 21:27:35,855  root       handle_response DEBUG    Processing: '<pos_answer>FF</pos_answer>'
2026-07-14 21:27:35,856  root       handle_response DEBUG    Write: '4111FF\r\r>'
2026-07-14 21:27:35,938  root       run             DEBUG    Received '010D'
2026-07-14 21:27:35,938  root       handle_request  DEBUG    Handling: '010D', header '7E0', ECU '7E0'
2026-07-14 21:27:35,938  root       handle_request  DEBUG    Description: Vehicle Speed, PID SPEED (010D)
2026-07-14 21:27:35,939  root       handle_response DEBUG    Processing: '<pos_answer>1C</pos_answer> <header>7EA</header><size>03</size><data>41 0D 1C</data>'
2026-07-14 21:27:35,939  root       handle_response DEBUG    Write: '410D1C\r410D1C\r\r>'
2026-07-14 21:27:35,981  root       run             DEBUG    Received '010C'
2026-07-14 21:27:35,982  root       handle_request  DEBUG    Handling: '010C', header '7E0', ECU '7E0'
2026-07-14 21:27:35,982  root       handle_request  DEBUG    Description: Engine RPM, PID RPM (010C)
2026-07-14 21:27:35,982  root       handle_response DEBUG    Processing: '<pos_answer>31 B0</pos_answer> <header>7EA</header><size>04</size><data>41 0C 31 B0</data>'
2026-07-14 21:27:35,982  root       handle_response DEBUG    Write: '410C31B0\r410C31B0\r\r>'
2026-07-14 21:27:36,024  root       run             DEBUG    Received '0105'
2026-07-14 21:27:36,024  root       handle_request  DEBUG    Handling: '0105', header '7E0', ECU '7E0'
2026-07-14 21:27:36,025  root       handle_request  DEBUG    Description: Engine Coolant Temperature, PID COOLANT_TEMP (0105)
2026-07-14 21:27:36,025  root       handle_response DEBUG    Processing: '<pos_answer>7B</pos_answer>'
2026-07-14 21:27:36,025  root       handle_response DEBUG    Write: '41057B\r\r>'
2026-07-14 21:27:36,066  root       run             DEBUG    Received '0111'
2026-07-14 21:27:36,066  root       handle_request  DEBUG    Handling: '0111', header '7E0', ECU '7E0'
2026-07-14 21:27:36,066  root       handle_request  DEBUG    Description: Throttle Position, PID THROTTLE_POS (0111)
2026-07-14 21:27:36,067  root       handle_response DEBUG    Processing: '<pos_answer>FF</pos_answer>'
2026-07-14 21:27:36,067  root       handle_response DEBUG    Write: '4111FF\r\r>'
2026-07-14 21:27:36,150  root       run             DEBUG    Received '010D'
2026-07-14 21:27:36,151  root       handle_request  DEBUG    Handling: '010D', header '7E0', ECU '7E0'
2026-07-14 21:27:36,151  root       handle_request  DEBUG    Description: Vehicle Speed, PID SPEED (010D)
2026-07-14 21:27:36,151  root       handle_response DEBUG    Processing: '<pos_answer>18</pos_answer> <header>7EA</header><size>03</size><data>41 0D 18</data>'
2026-07-14 21:27:36,152  root       handle_response DEBUG    Write: '410D18\r410D18\r\r>'
2026-07-14 21:27:36,194  root       run             DEBUG    Received '010C'
2026-07-14 21:27:36,194  root       handle_request  DEBUG    Handling: '010C', header '7E0', ECU '7E0'
2026-07-14 21:27:36,194  root       handle_request  DEBUG    Description: Engine RPM, PID RPM (010C)
2026-07-14 21:27:36,194  root       handle_response DEBUG    Processing: '<pos_answer>31 60</pos_answer> <header>7EA</header><size>04</size><data>41 0C 31 60</data>'
2026-07-14 21:27:36,195  root       handle_response DEBUG    Write: '410C3160\r410C3160\r\r>'
2026-07-14 21:27:36,236  root       run             DEBUG    Received '0105'
2026-07-14 21:27:36,237  root       handle_request  DEBUG    Handling: '0105', header '7E0', ECU '7E0'
2026-07-14 21:27:36,237  root       handle_request  DEBUG    Description: Engine Coolant Temperature, PID COOLANT_TEMP (0105)
2026-07-14 21:27:36,237  root       handle_response DEBUG    Processing: '<pos_answer>7B</pos_answer>'
2026-07-14 21:27:36,238  root       handle_response DEBUG    Write: '41057B\r\r>'
2026-07-14 21:27:36,280  root       run             DEBUG    Received '0111'
2026-07-14 21:27:36,280  root       handle_request  DEBUG    Handling: '0111', header '7E0', ECU '7E0'
2026-07-14 21:27:36,280  root       handle_request  DEBUG    Description: Throttle Position, PID THROTTLE_POS (0111)
2026-07-14 21:27:36,280  root       handle_response DEBUG    Processing: '<pos_answer>FF</pos_answer>'
2026-07-14 21:27:36,281  root       handle_response DEBUG    Write: '4111FF\r\r>'
2026-07-14 21:27:36,363  root       run             DEBUG    Received '010D'
2026-07-14 21:27:36,363  root       handle_request  DEBUG    Handling: '010D', header '7E0', ECU '7E0'
2026-07-14 21:27:36,364  root       handle_request  DEBUG    Description: Vehicle Speed, PID SPEED (010D)
2026-07-14 21:27:36,364  root       handle_response DEBUG    Processing: '<pos_answer>14</pos_answer> <header>7EA</header><size>03</size><data>41 0D 14</data>'
2026-07-14 21:27:36,364  root       handle_response DEBUG    Write: '410D14\r410D14\r\r>'
2026-07-14 21:27:36,406  root       run             DEBUG    Received '010C'
2026-07-14 21:27:36,407  root       handle_request  DEBUG    Handling: '010C', header '7E0', ECU '7E0'
2026-07-14 21:27:36,407  root       handle_request  DEBUG    Description: Engine RPM, PID RPM (010C)
2026-07-14 21:27:36,407  root       handle_response DEBUG    Processing: '<pos_answer>31 10</pos_answer> <header>7EA</header><size>04</size><data>41 0C 31 10</data>'
2026-07-14 21:27:36,407  root       handle_response DEBUG    Write: '410C3110\r410C3110\r\r>'
2026-07-14 21:27:36,451  root       run             DEBUG    Received '0105'
2026-07-14 21:27:36,452  root       handle_request  DEBUG    Handling: '0105', header '7E0', ECU '7E0'
2026-07-14 21:27:36,452  root       handle_request  DEBUG    Description: Engine Coolant Temperature, PID COOLANT_TEMP (0105)
2026-07-14 21:27:36,452  root       handle_response DEBUG    Processing: '<pos_answer>7B</pos_answer>'
2026-07-14 21:27:36,452  root       handle_response DEBUG    Write: '41057B\r\r>'
2026-07-14 21:27:36,494  root       run             DEBUG    Received '0111'
2026-07-14 21:27:36,495  root       handle_request  DEBUG    Handling: '0111', header '7E0', ECU '7E0'
2026-07-14 21:27:36,495  root       handle_request  DEBUG    Description: Throttle Position, PID THROTTLE_POS (0111)
2026-07-14 21:27:36,495  root       handle_response DEBUG    Processing: '<pos_answer>FF</pos_answer>'
2026-07-14 21:27:36,495  root       handle_response DEBUG    Write: '4111FF\r\r>'
2026-07-14 21:27:36,577  root       run             DEBUG    Received '010D'
2026-07-14 21:27:36,578  root       handle_request  DEBUG    Handling: '010D', header '7E0', ECU '7E0'
2026-07-14 21:27:36,578  root       handle_request  DEBUG    Description: Vehicle Speed, PID SPEED (010D)
2026-07-14 21:27:36,578  root       handle_response DEBUG    Processing: '<pos_answer>10</pos_answer> <header>7EA</header><size>03</size><data>41 0D 10</data>'
2026-07-14 21:27:36,578  root       handle_response DEBUG    Write: '410D10\r410D10\r\r>'
2026-07-14 21:27:36,620  root       run             DEBUG    Received '010C'
2026-07-14 21:27:36,620  root       handle_request  DEBUG    Handling: '010C', header '7E0', ECU '7E0'
2026-07-14 21:27:36,621  root       handle_request  DEBUG    Description: Engine RPM, PID RPM (010C)
2026-07-14 21:27:36,621  root       handle_response DEBUG    Processing: '<pos_answer>30 C0</pos_answer> <header>7EA</header><size>04</size><data>41 0C 30 C0</data>'
2026-07-14 21:27:36,621  root       handle_response DEBUG    Write: '410C30C0\r410C30C0\r\r>'
2026-07-14 21:27:36,662  root       run             DEBUG    Received '0105'
2026-07-14 21:27:36,663  root       handle_request  DEBUG    Handling: '0105', header '7E0', ECU '7E0'
2026-07-14 21:27:36,663  root       handle_request  DEBUG    Description: Engine Coolant Temperature, PID COOLANT_TEMP (0105)
2026-07-14 21:27:36,663  root       handle_response DEBUG    Processing: '<pos_answer>7B</pos_answer>'
2026-07-14 21:27:36,663  root       handle_response DEBUG    Write: '41057B\r\r>'
2026-07-14 21:27:36,705  root       run             DEBUG    Received '015E'
2026-07-14 21:27:36,705  root       handle_request  DEBUG    Handling: '015E', header '7E0', ECU '7E0'
2026-07-14 21:27:36,706  root       handle_request  INFO     Unknown request: '015E', header=7E0
2026-07-14 21:27:36,706  root       handle_response DEBUG    Processing: '<writeln>NO DATA</writeln>'
2026-07-14 21:27:36,706  root       handle_response DEBUG    Write: 'NO DATA\r\r>'
2026-07-14 21:27:36,708  root       run             DEBUG    Received '0110'
2026-07-14 21:27:36,709  root       handle_request  DEBUG    Handling: '0110', header '7E0', ECU '7E0'
2026-07-14 21:27:36,709  root       handle_request  DEBUG    Description: Air Flow Rate (MAF), PID MAF (0110)
2026-07-14 21:27:36,709  root       handle_response DEBUG    Processing: '<pos_answer>05 1F</pos_answer>'
2026-07-14 21:27:36,709  root       handle_response DEBUG    Write: '4110051F\r\r>'
2026-07-14 21:27:36,710  root       run             DEBUG    Received '0151'
2026-07-14 21:27:36,710  root       handle_request  DEBUG    Handling: '0151', header '7E0', ECU '7E0'
2026-07-14 21:27:36,711  root       handle_request  DEBUG    Description: Fuel Type, PID FUEL_TYPE (0151)
2026-07-14 21:27:36,711  root       handle_response DEBUG    Processing: '<pos_answer>01</pos_answer>'
2026-07-14 21:27:36,711  root       handle_response DEBUG    Write: '415101\r\r>'
2026-07-14 21:27:36,752  root       run             DEBUG    Received '0104'
2026-07-14 21:27:36,752  root       handle_request  DEBUG    Handling: '0104', header '7E0', ECU '7E0'
2026-07-14 21:27:36,753  root       handle_request  DEBUG    Description: Calculated Engine Load, PID ENGINE_LOAD (0104)
2026-07-14 21:27:36,753  root       handle_response DEBUG    Processing: '<pos_answer>00</pos_answer>'
2026-07-14 21:27:36,753  root       handle_response DEBUG    Write: '410400\r\r>'
2026-07-14 21:27:36,795  root       run             DEBUG    Received '010F'
2026-07-14 21:27:36,796  root       handle_request  DEBUG    Handling: '010F', header '7E0', ECU '7E0'
2026-07-14 21:27:36,796  root       handle_request  DEBUG    Description: Intake Air Temp, PID INTAKE_TEMP (010F)
2026-07-14 21:27:36,796  root       handle_response DEBUG    Processing: '<pos_answer>44</pos_answer>'
2026-07-14 21:27:36,797  root       handle_response DEBUG    Write: '410F44\r\r>'
2026-07-14 21:27:36,839  root       run             DEBUG    Received '0111'
2026-07-14 21:27:36,840  root       handle_request  DEBUG    Handling: '0111', header '7E0', ECU '7E0'
2026-07-14 21:27:36,840  root       handle_request  DEBUG    Description: Throttle Position, PID THROTTLE_POS (0111)
2026-07-14 21:27:36,840  root       handle_response DEBUG    Processing: '<pos_answer>FF</pos_answer>'
2026-07-14 21:27:36,840  root       handle_response DEBUG    Write: '4111FF\r\r>'
2026-07-14 21:27:36,922  root       run             DEBUG    Received '010D'
2026-07-14 21:27:36,923  root       handle_request  DEBUG    Handling: '010D', header '7E0', ECU '7E0'
2026-07-14 21:27:36,923  root       handle_request  DEBUG    Description: Vehicle Speed, PID SPEED (010D)
2026-07-14 21:27:36,923  root       handle_response DEBUG    Processing: '<pos_answer>0C</pos_answer> <header>7EA</header><size>03</size><data>41 0D 0C</data>'
2026-07-14 21:27:36,924  root       handle_response DEBUG    Write: '410D0C\r410D0C\r\r>'
2026-07-14 21:27:36,965  root       run             DEBUG    Received '010C'
2026-07-14 21:27:36,965  root       handle_request  DEBUG    Handling: '010C', header '7E0', ECU '7E0'
2026-07-14 21:27:36,965  root       handle_request  DEBUG    Description: Engine RPM, PID RPM (010C)
2026-07-14 21:27:36,965  root       handle_response DEBUG    Processing: '<pos_answer>30 70</pos_answer> <header>7EA</header><size>04</size><data>41 0C 30 70</data>'
2026-07-14 21:27:36,966  root       handle_response DEBUG    Write: '410C3070\r410C3070\r\r>'
2026-07-14 21:27:37,008  root       run             DEBUG    Received '0105'
2026-07-14 21:27:37,008  root       handle_request  DEBUG    Handling: '0105', header '7E0', ECU '7E0'
2026-07-14 21:27:37,008  root       handle_request  DEBUG    Description: Engine Coolant Temperature, PID COOLANT_TEMP (0105)
2026-07-14 21:27:37,008  root       handle_response DEBUG    Processing: '<pos_answer>7B</pos_answer>'
2026-07-14 21:27:37,009  root       handle_response DEBUG    Write: '41057B\r\r>'
2026-07-14 21:27:37,050  root       run             DEBUG    Received '0111'
2026-07-14 21:27:37,050  root       handle_request  DEBUG    Handling: '0111', header '7E0', ECU '7E0'
2026-07-14 21:27:37,050  root       handle_request  DEBUG    Description: Throttle Position, PID THROTTLE_POS (0111)
2026-07-14 21:27:37,050  root       handle_response DEBUG    Processing: '<pos_answer>FF</pos_answer>'
2026-07-14 21:27:37,052  root       handle_response DEBUG    Write: '4111FF\r\r>'
2026-07-14 21:27:37,134  root       run             DEBUG    Received '010D'
2026-07-14 21:27:37,134  root       handle_request  DEBUG    Handling: '010D', header '7E0', ECU '7E0'
2026-07-14 21:27:37,135  root       handle_request  DEBUG    Description: Vehicle Speed, PID SPEED (010D)
2026-07-14 21:27:37,135  root       handle_response DEBUG    Processing: '<pos_answer>08</pos_answer> <header>7EA</header><size>03</size><data>41 0D 08</data>'
2026-07-14 21:27:37,135  root       handle_response DEBUG    Write: '410D08\r410D08\r\r>'
2026-07-14 21:27:37,177  root       run             DEBUG    Received '010C'
2026-07-14 21:27:37,177  root       handle_request  DEBUG    Handling: '010C', header '7E0', ECU '7E0'
2026-07-14 21:27:37,177  root       handle_request  DEBUG    Description: Engine RPM, PID RPM (010C)
2026-07-14 21:27:37,178  root       handle_response DEBUG    Processing: '<pos_answer>30 20</pos_answer> <header>7EA</header><size>04</size><data>41 0C 30 20</data>'
2026-07-14 21:27:37,178  root       handle_response DEBUG    Write: '410C3020\r410C3020\r\r>'
2026-07-14 21:27:37,220  root       run             DEBUG    Received '0105'
2026-07-14 21:27:37,220  root       handle_request  DEBUG    Handling: '0105', header '7E0', ECU '7E0'
2026-07-14 21:27:37,221  root       handle_request  DEBUG    Description: Engine Coolant Temperature, PID COOLANT_TEMP (0105)
2026-07-14 21:27:37,221  root       handle_response DEBUG    Processing: '<pos_answer>7B</pos_answer>'
2026-07-14 21:27:37,221  root       handle_response DEBUG    Write: '41057B\r\r>'
2026-07-14 21:27:37,263  root       run             DEBUG    Received '0111'
2026-07-14 21:27:37,263  root       handle_request  DEBUG    Handling: '0111', header '7E0', ECU '7E0'
2026-07-14 21:27:37,263  root       handle_request  DEBUG    Description: Throttle Position, PID THROTTLE_POS (0111)
2026-07-14 21:27:37,264  root       handle_response DEBUG    Processing: '<pos_answer>FF</pos_answer>'
2026-07-14 21:27:37,264  root       handle_response DEBUG    Write: '4111FF\r\r>'
2026-07-14 21:27:37,347  root       run             DEBUG    Received '010D'
2026-07-14 21:27:37,347  root       handle_request  DEBUG    Handling: '010D', header '7E0', ECU '7E0'
2026-07-14 21:27:37,348  root       handle_request  DEBUG    Description: Vehicle Speed, PID SPEED (010D)
2026-07-14 21:27:37,348  root       handle_response DEBUG    Processing: '<pos_answer>04</pos_answer> <header>7EA</header><size>03</size><data>41 0D 04</data>'
2026-07-14 21:27:37,348  root       handle_response DEBUG    Write: '410D04\r410D04\r\r>'
2026-07-14 21:27:37,390  root       run             DEBUG    Received '010C'
2026-07-14 21:27:37,390  root       handle_request  DEBUG    Handling: '010C', header '7E0', ECU '7E0'
2026-07-14 21:27:37,390  root       handle_request  DEBUG    Description: Engine RPM, PID RPM (010C)
2026-07-14 21:27:37,390  root       handle_response DEBUG    Processing: '<pos_answer>2F D0</pos_answer> <header>7EA</header><size>04</size><data>41 0C 2F D0</data>'
2026-07-14 21:27:37,391  root       handle_response DEBUG    Write: '410C2FD0\r410C2FD0\r\r>'
2026-07-14 21:27:37,433  root       run             DEBUG    Received '0105'
2026-07-14 21:27:37,434  root       handle_request  DEBUG    Handling: '0105', header '7E0', ECU '7E0'
2026-07-14 21:27:37,434  root       handle_request  DEBUG    Description: Engine Coolant Temperature, PID COOLANT_TEMP (0105)
2026-07-14 21:27:37,434  root       handle_response DEBUG    Processing: '<pos_answer>7B</pos_answer>'
2026-07-14 21:27:37,434  root       handle_response DEBUG    Write: '41057B\r\r>'
2026-07-14 21:27:37,475  root       run             DEBUG    Received '0111'
2026-07-14 21:27:37,476  root       handle_request  DEBUG    Handling: '0111', header '7E0', ECU '7E0'
2026-07-14 21:27:37,476  root       handle_request  DEBUG    Description: Throttle Position, PID THROTTLE_POS (0111)
2026-07-14 21:27:37,476  root       handle_response DEBUG    Processing: '<pos_answer>FF</pos_answer>'
2026-07-14 21:27:37,477  root       handle_response DEBUG    Write: '4111FF\r\r>'
2026-07-14 21:27:37,558  root       run             DEBUG    Received '010D'
2026-07-14 21:27:37,559  root       handle_request  DEBUG    Handling: '010D', header '7E0', ECU '7E0'
2026-07-14 21:27:37,559  root       handle_request  DEBUG    Description: Vehicle Speed, PID SPEED (010D)
2026-07-14 21:27:37,559  root       handle_response DEBUG    Processing: '<pos_answer>00</pos_answer> <header>7EA</header><size>03</size><data>41 0D 00</data>'
2026-07-14 21:27:37,559  root       handle_response DEBUG    Write: '410D00\r410D00\r\r>'
2026-07-14 21:27:37,601  root       run             DEBUG    Received '010C'
2026-07-14 21:27:37,601  root       handle_request  DEBUG    Handling: '010C', header '7E0', ECU '7E0'
2026-07-14 21:27:37,601  root       handle_request  DEBUG    Description: Engine RPM, PID RPM (010C)
2026-07-14 21:27:37,603  root       handle_response DEBUG    Processing: '<pos_answer>2F 80</pos_answer> <header>7EA</header><size>04</size><data>41 0C 2F 80</data>'
2026-07-14 21:27:37,603  root       handle_response DEBUG    Write: '410C2F80\r410C2F80\r\r>'
2026-07-14 21:27:37,644  root       run             DEBUG    Received '0105'
2026-07-14 21:27:37,645  root       handle_request  DEBUG    Handling: '0105', header '7E0', ECU '7E0'
2026-07-14 21:27:37,645  root       handle_request  DEBUG    Description: Engine Coolant Temperature, PID COOLANT_TEMP (0105)
2026-07-14 21:27:37,645  root       handle_response DEBUG    Processing: '<pos_answer>7B</pos_answer>'
2026-07-14 21:27:37,646  root       handle_response DEBUG    Write: '41057B\r\r>'
2026-07-14 21:27:37,687  root       run             DEBUG    Received '0111'
2026-07-14 21:27:37,688  root       handle_request  DEBUG    Handling: '0111', header '7E0', ECU '7E0'
2026-07-14 21:27:37,688  root       handle_request  DEBUG    Description: Throttle Position, PID THROTTLE_POS (0111)
2026-07-14 21:27:37,688  root       handle_response DEBUG    Processing: '<pos_answer>FF</pos_answer>'
2026-07-14 21:27:37,688  root       handle_response DEBUG    Write: '4111FF\r\r>'
2026-07-14 21:27:37,771  root       run             DEBUG    Received '010D'
2026-07-14 21:27:37,772  root       handle_request  DEBUG    Handling: '010D', header '7E0', ECU '7E0'
2026-07-14 21:27:37,772  root       handle_request  DEBUG    Description: Vehicle Speed, PID SPEED (010D)
2026-07-14 21:27:37,772  root       handle_response DEBUG    Processing: '<pos_answer>04</pos_answer> <header>7EA</header><size>03</size><data>41 0D 04</data>'
2026-07-14 21:27:37,773  root       handle_response DEBUG    Write: '410D04\r410D04\r\r>'
2026-07-14 21:27:37,814  root       run             DEBUG    Received '010C'
2026-07-14 21:27:37,814  root       handle_request  DEBUG    Handling: '010C', header '7E0', ECU '7E0'
2026-07-14 21:27:37,815  root       handle_request  DEBUG    Description: Engine RPM, PID RPM (010C)
2026-07-14 21:27:37,815  root       handle_response DEBUG    Processing: '<pos_answer>2F 30</pos_answer> <header>7EA</header><size>04</size><data>41 0C 2F 30</data>'
2026-07-14 21:27:37,815  root       handle_response DEBUG    Write: '410C2F30\r410C2F30\r\r>'
2026-07-14 21:27:37,857  root       run             DEBUG    Received '0105'
2026-07-14 21:27:37,857  root       handle_request  DEBUG    Handling: '0105', header '7E0', ECU '7E0'
2026-07-14 21:27:37,858  root       handle_request  DEBUG    Description: Engine Coolant Temperature, PID COOLANT_TEMP (0105)
2026-07-14 21:27:37,858  root       handle_response DEBUG    Processing: '<pos_answer>7B</pos_answer>'
2026-07-14 21:27:37,858  root       handle_response DEBUG    Write: '41057B\r\r>'
2026-07-14 21:27:37,900  root       run             DEBUG    Received '0111'
2026-07-14 21:27:37,900  root       handle_request  DEBUG    Handling: '0111', header '7E0', ECU '7E0'
2026-07-14 21:27:37,900  root       handle_request  DEBUG    Description: Throttle Position, PID THROTTLE_POS (0111)
2026-07-14 21:27:37,901  root       handle_response DEBUG    Processing: '<pos_answer>FF</pos_answer>'
2026-07-14 21:27:37,901  root       handle_response DEBUG    Write: '4111FF\r\r>'
2026-07-14 21:27:37,983  root       run             DEBUG    Received '010D'
2026-07-14 21:27:37,984  root       handle_request  DEBUG    Handling: '010D', header '7E0', ECU '7E0'
2026-07-14 21:27:37,984  root       handle_request  DEBUG    Description: Vehicle Speed, PID SPEED (010D)
2026-07-14 21:27:37,984  root       handle_response DEBUG    Processing: '<pos_answer>08</pos_answer> <header>7EA</header><size>03</size><data>41 0D 08</data>'
2026-07-14 21:27:37,984  root       handle_response DEBUG    Write: '410D08\r410D08\r\r>'
2026-07-14 21:27:38,026  root       run             DEBUG    Received '010C'
2026-07-14 21:27:38,026  root       handle_request  DEBUG    Handling: '010C', header '7E0', ECU '7E0'
2026-07-14 21:27:38,026  root       handle_request  DEBUG    Description: Engine RPM, PID RPM (010C)
2026-07-14 21:27:38,027  root       handle_response DEBUG    Processing: '<pos_answer>2E E0</pos_answer> <header>7EA</header><size>04</size><data>41 0C 2E E0</data>'
2026-07-14 21:27:38,027  root       handle_response DEBUG    Write: '410C2EE0\r410C2EE0\r\r>'
2026-07-14 21:27:38,069  root       run             DEBUG    Received '0105'
2026-07-14 21:27:38,070  root       handle_request  DEBUG    Handling: '0105', header '7E0', ECU '7E0'
2026-07-14 21:27:38,070  root       handle_request  DEBUG    Description: Engine Coolant Temperature, PID COOLANT_TEMP (0105)
2026-07-14 21:27:38,070  root       handle_response DEBUG    Processing: '<pos_answer>7B</pos_answer>'
2026-07-14 21:27:38,070  root       handle_response DEBUG    Write: '41057B\r\r>'
2026-07-14 21:27:38,112  root       run             DEBUG    Received '0111'
2026-07-14 21:27:38,113  root       handle_request  DEBUG    Handling: '0111', header '7E0', ECU '7E0'
2026-07-14 21:27:38,113  root       handle_request  DEBUG    Description: Throttle Position, PID THROTTLE_POS (0111)
2026-07-14 21:27:38,113  root       handle_response DEBUG    Processing: '<pos_answer>FF</pos_answer>'
2026-07-14 21:27:38,113  root       handle_response DEBUG    Write: '4111FF\r\r>'
2026-07-14 21:27:38,195  root       run             DEBUG    Received '010D'
2026-07-14 21:27:38,195  root       handle_request  DEBUG    Handling: '010D', header '7E0', ECU '7E0'
2026-07-14 21:27:38,197  root       handle_request  DEBUG    Description: Vehicle Speed, PID SPEED (010D)
2026-07-14 21:27:38,197  root       handle_response DEBUG    Processing: '<pos_answer>0C</pos_answer> <header>7EA</header><size>03</size><data>41 0D 0C</data>'
2026-07-14 21:27:38,197  root       handle_response DEBUG    Write: '410D0C\r410D0C\r\r>'
2026-07-14 21:27:38,238  root       run             DEBUG    Received '010C'
2026-07-14 21:27:38,239  root       handle_request  DEBUG    Handling: '010C', header '7E0', ECU '7E0'
2026-07-14 21:27:38,239  root       handle_request  DEBUG    Description: Engine RPM, PID RPM (010C)
2026-07-14 21:27:38,239  root       handle_response DEBUG    Processing: '<pos_answer>2E 90</pos_answer> <header>7EA</header><size>04</size><data>41 0C 2E 90</data>'
2026-07-14 21:27:38,239  root       handle_response DEBUG    Write: '410C2E90\r410C2E90\r\r>'
2026-07-14 21:27:38,280  root       run             DEBUG    Received '0105'
2026-07-14 21:27:38,281  root       handle_request  DEBUG    Handling: '0105', header '7E0', ECU '7E0'
2026-07-14 21:27:38,281  root       handle_request  DEBUG    Description: Engine Coolant Temperature, PID COOLANT_TEMP (0105)
2026-07-14 21:27:38,281  root       handle_response DEBUG    Processing: '<pos_answer>7B</pos_answer>'
2026-07-14 21:27:38,281  root       handle_response DEBUG    Write: '41057B\r\r>'
2026-07-14 21:27:38,323  root       run             DEBUG    Received '0111'
2026-07-14 21:27:38,323  root       handle_request  DEBUG    Handling: '0111', header '7E0', ECU '7E0'
2026-07-14 21:27:38,323  root       handle_request  DEBUG    Description: Throttle Position, PID THROTTLE_POS (0111)
2026-07-14 21:27:38,323  root       handle_response DEBUG    Processing: '<pos_answer>FF</pos_answer>'
2026-07-14 21:27:38,325  root       handle_response DEBUG    Write: '4111FF\r\r>'
2026-07-14 21:27:38,407  root       run             DEBUG    Received '010D'
2026-07-14 21:27:38,408  root       handle_request  DEBUG    Handling: '010D', header '7E0', ECU '7E0'
2026-07-14 21:27:38,408  root       handle_request  DEBUG    Description: Vehicle Speed, PID SPEED (010D)
2026-07-14 21:27:38,408  root       handle_response DEBUG    Processing: '<pos_answer>10</pos_answer> <header>7EA</header><size>03</size><data>41 0D 10</data>'
2026-07-14 21:27:38,409  root       handle_response DEBUG    Write: '410D10\r410D10\r\r>'
2026-07-14 21:27:38,451  root       run             DEBUG    Received '010C'
2026-07-14 21:27:38,452  root       handle_request  DEBUG    Handling: '010C', header '7E0', ECU '7E0'
2026-07-14 21:27:38,452  root       handle_request  DEBUG    Description: Engine RPM, PID RPM (010C)
2026-07-14 21:27:38,452  root       handle_response DEBUG    Processing: '<pos_answer>2E 40</pos_answer> <header>7EA</header><size>04</size><data>41 0C 2E 40</data>'
2026-07-14 21:27:38,452  root       handle_response DEBUG    Write: '410C2E40\r410C2E40\r\r>'
2026-07-14 21:27:38,494  root       run             DEBUG    Received '0105'
2026-07-14 21:27:38,494  root       handle_request  DEBUG    Handling: '0105', header '7E0', ECU '7E0'
2026-07-14 21:27:38,494  root       handle_request  DEBUG    Description: Engine Coolant Temperature, PID COOLANT_TEMP (0105)
2026-07-14 21:27:38,495  root       handle_response DEBUG    Processing: '<pos_answer>7B</pos_answer>'
2026-07-14 21:27:38,495  root       handle_response DEBUG    Write: '41057B\r\r>'
2026-07-14 21:27:38,536  root       run             DEBUG    Received '0111'
2026-07-14 21:27:38,537  root       handle_request  DEBUG    Handling: '0111', header '7E0', ECU '7E0'
2026-07-14 21:27:38,537  root       handle_request  DEBUG    Description: Throttle Position, PID THROTTLE_POS (0111)
2026-07-14 21:27:38,537  root       handle_response DEBUG    Processing: '<pos_answer>FF</pos_answer>'
2026-07-14 21:27:38,538  root       handle_response DEBUG    Write: '4111FF\r\r>'
2026-07-14 21:27:38,620  root       run             DEBUG    Received '010D'
2026-07-14 21:27:38,620  root       handle_request  DEBUG    Handling: '010D', header '7E0', ECU '7E0'
2026-07-14 21:27:38,620  root       handle_request  DEBUG    Description: Vehicle Speed, PID SPEED (010D)
2026-07-14 21:27:38,620  root       handle_response DEBUG    Processing: '<pos_answer>14</pos_answer> <header>7EA</header><size>03</size><data>41 0D 14</data>'
2026-07-14 21:27:38,620  root       handle_response DEBUG    Write: '410D14\r410D14\r\r>'
2026-07-14 21:27:38,663  root       run             DEBUG    Received '010C'
2026-07-14 21:27:38,664  root       handle_request  DEBUG    Handling: '010C', header '7E0', ECU '7E0'
2026-07-14 21:27:38,664  root       handle_request  DEBUG    Description: Engine RPM, PID RPM (010C)
2026-07-14 21:27:38,664  root       handle_response DEBUG    Processing: '<pos_answer>2D F0</pos_answer> <header>7EA</header><size>04</size><data>41 0C 2D F0</data>'
2026-07-14 21:27:38,664  root       handle_response DEBUG    Write: '410C2DF0\r410C2DF0\r\r>'
2026-07-14 21:27:38,706  root       run             DEBUG    Received '0105'
2026-07-14 21:27:38,707  root       handle_request  DEBUG    Handling: '0105', header '7E0', ECU '7E0'
2026-07-14 21:27:38,707  root       handle_request  DEBUG    Description: Engine Coolant Temperature, PID COOLANT_TEMP (0105)
2026-07-14 21:27:38,707  root       handle_response DEBUG    Processing: '<pos_answer>7B</pos_answer>'
2026-07-14 21:27:38,707  root       handle_response DEBUG    Write: '41057B\r\r>'
2026-07-14 21:27:38,749  root       run             DEBUG    Received '0111'
2026-07-14 21:27:38,749  root       handle_request  DEBUG    Handling: '0111', header '7E0', ECU '7E0'
2026-07-14 21:27:38,749  root       handle_request  DEBUG    Description: Throttle Position, PID THROTTLE_POS (0111)
2026-07-14 21:27:38,749  root       handle_response DEBUG    Processing: '<pos_answer>FF</pos_answer>'
2026-07-14 21:27:38,750  root       handle_response DEBUG    Write: '4111FF\r\r>'
2026-07-14 21:27:38,832  root       run             DEBUG    Received '010D'
2026-07-14 21:27:38,832  root       handle_request  DEBUG    Handling: '010D', header '7E0', ECU '7E0'
2026-07-14 21:27:38,832  root       handle_request  DEBUG    Description: Vehicle Speed, PID SPEED (010D)
2026-07-14 21:27:38,834  root       handle_response DEBUG    Processing: '<pos_answer>18</pos_answer> <header>7EA</header><size>03</size><data>41 0D 18</data>'
2026-07-14 21:27:38,834  root       handle_response DEBUG    Write: '410D18\r410D18\r\r>'
2026-07-14 21:27:38,876  root       run             DEBUG    Received '010C'
2026-07-14 21:27:38,876  root       handle_request  DEBUG    Handling: '010C', header '7E0', ECU '7E0'
2026-07-14 21:27:38,876  root       handle_request  DEBUG    Description: Engine RPM, PID RPM (010C)
2026-07-14 21:27:38,876  root       handle_response DEBUG    Processing: '<pos_answer>2D A0</pos_answer> <header>7EA</header><size>04</size><data>41 0C 2D A0</data>'
2026-07-14 21:27:38,876  root       handle_response DEBUG    Write: '410C2DA0\r410C2DA0\r\r>'
2026-07-14 21:27:38,918  root       run             DEBUG    Received '0105'
2026-07-14 21:27:38,918  root       handle_request  DEBUG    Handling: '0105', header '7E0', ECU '7E0'
2026-07-14 21:27:38,918  root       handle_request  DEBUG    Description: Engine Coolant Temperature, PID COOLANT_TEMP (0105)
2026-07-14 21:27:38,918  root       handle_response DEBUG    Processing: '<pos_answer>7B</pos_answer>'
2026-07-14 21:27:38,920  root       handle_response DEBUG    Write: '41057B\r\r>'
2026-07-14 21:27:38,963  root       run             DEBUG    Received '015E'
2026-07-14 21:27:38,964  root       handle_request  DEBUG    Handling: '015E', header '7E0', ECU '7E0'
2026-07-14 21:27:38,964  root       handle_request  INFO     Unknown request: '015E', header=7E0
2026-07-14 21:27:38,964  root       handle_response DEBUG    Processing: '<writeln>NO DATA</writeln>'
2026-07-14 21:27:38,964  root       handle_response DEBUG    Write: 'NO DATA\r\r>'
2026-07-14 21:27:38,964  root       run             DEBUG    Received '0110'
2026-07-14 21:27:38,964  root       handle_request  DEBUG    Handling: '0110', header '7E0', ECU '7E0'
2026-07-14 21:27:38,964  root       handle_request  DEBUG    Description: Air Flow Rate (MAF), PID MAF (0110)
2026-07-14 21:27:38,964  root       handle_response DEBUG    Processing: '<pos_answer>05 1F</pos_answer>'
2026-07-14 21:27:38,964  root       handle_response DEBUG    Write: '4110051F\r\r>'
2026-07-14 21:27:38,968  root       run             DEBUG    Received '0151'
2026-07-14 21:27:38,968  root       handle_request  DEBUG    Handling: '0151', header '7E0', ECU '7E0'
2026-07-14 21:27:38,968  root       handle_request  DEBUG    Description: Fuel Type, PID FUEL_TYPE (0151)
2026-07-14 21:27:38,968  root       handle_response DEBUG    Processing: '<pos_answer>01</pos_answer>'
2026-07-14 21:27:38,968  root       handle_response DEBUG    Write: '415101\r\r>'
2026-07-14 21:27:39,010  root       run             DEBUG    Received '0104'
2026-07-14 21:27:39,010  root       handle_request  DEBUG    Handling: '0104', header '7E0', ECU '7E0'
2026-07-14 21:27:39,010  root       handle_request  DEBUG    Description: Calculated Engine Load, PID ENGINE_LOAD (0104)
2026-07-14 21:27:39,012  root       handle_response DEBUG    Processing: '<pos_answer>00</pos_answer>'
2026-07-14 21:27:39,012  root       handle_response DEBUG    Write: '410400\r\r>'
2026-07-14 21:27:39,054  root       run             DEBUG    Received '010F'
2026-07-14 21:27:39,054  root       handle_request  DEBUG    Handling: '010F', header '7E0', ECU '7E0'
2026-07-14 21:27:39,054  root       handle_request  DEBUG    Description: Intake Air Temp, PID INTAKE_TEMP (010F)
2026-07-14 21:27:39,056  root       handle_response DEBUG    Processing: '<pos_answer>44</pos_answer>'
2026-07-14 21:27:39,056  root       handle_response DEBUG    Write: '410F44\r\r>'
2026-07-14 21:27:39,097  root       run             DEBUG    Received '0111'
2026-07-14 21:27:39,097  root       handle_request  DEBUG    Handling: '0111', header '7E0', ECU '7E0'
2026-07-14 21:27:39,097  root       handle_request  DEBUG    Description: Throttle Position, PID THROTTLE_POS (0111)
2026-07-14 21:27:39,097  root       handle_response DEBUG    Processing: '<pos_answer>FF</pos_answer>'
2026-07-14 21:27:39,097  root       handle_response DEBUG    Write: '4111FF\r\r>'
2026-07-14 21:27:39,181  root       run             DEBUG    Received '010D'
2026-07-14 21:27:39,181  root       handle_request  DEBUG    Handling: '010D', header '7E0', ECU '7E0'
2026-07-14 21:27:39,181  root       handle_request  DEBUG    Description: Vehicle Speed, PID SPEED (010D)
2026-07-14 21:27:39,181  root       handle_response DEBUG    Processing: '<pos_answer>1C</pos_answer> <header>7EA</header><size>03</size><data>41 0D 1C</data>'
2026-07-14 21:27:39,181  root       handle_response DEBUG    Write: '410D1C\r410D1C\r\r>'
2026-07-14 21:27:39,224  root       run             DEBUG    Received '010C'
2026-07-14 21:27:39,224  root       handle_request  DEBUG    Handling: '010C', header '7E0', ECU '7E0'
2026-07-14 21:27:39,224  root       handle_request  DEBUG    Description: Engine RPM, PID RPM (010C)
2026-07-14 21:27:39,224  root       handle_response DEBUG    Processing: '<pos_answer>2D 50</pos_answer> <header>7EA</header><size>04</size><data>41 0C 2D 50</data>'
2026-07-14 21:27:39,224  root       handle_response DEBUG    Write: '410C2D50\r410C2D50\r\r>'
2026-07-14 21:27:39,266  root       run             DEBUG    Received '0105'
2026-07-14 21:27:39,266  root       handle_request  DEBUG    Handling: '0105', header '7E0', ECU '7E0'
2026-07-14 21:27:39,266  root       handle_request  DEBUG    Description: Engine Coolant Temperature, PID COOLANT_TEMP (0105)
2026-07-14 21:27:39,266  root       handle_response DEBUG    Processing: '<pos_answer>7B</pos_answer>'
2026-07-14 21:27:39,268  root       handle_response DEBUG    Write: '41057B\r\r>'
2026-07-14 21:27:39,308  root       run             DEBUG    Received '0111'
2026-07-14 21:27:39,308  root       handle_request  DEBUG    Handling: '0111', header '7E0', ECU '7E0'
2026-07-14 21:27:39,308  root       handle_request  DEBUG    Description: Throttle Position, PID THROTTLE_POS (0111)
2026-07-14 21:27:39,308  root       handle_response DEBUG    Processing: '<pos_answer>FF</pos_answer>'
2026-07-14 21:27:39,308  root       handle_response DEBUG    Write: '4111FF\r\r>'
2026-07-14 21:27:39,394  root       run             DEBUG    Received '010D'
2026-07-14 21:27:39,394  root       handle_request  DEBUG    Handling: '010D', header '7E0', ECU '7E0'
2026-07-14 21:27:39,394  root       handle_request  DEBUG    Description: Vehicle Speed, PID SPEED (010D)
2026-07-14 21:27:39,394  root       handle_response DEBUG    Processing: '<pos_answer>20</pos_answer> <header>7EA</header><size>03</size><data>41 0D 20</data>'
2026-07-14 21:27:39,394  root       handle_response DEBUG    Write: '410D20\r410D20\r\r>'
2026-07-14 21:27:39,437  root       run             DEBUG    Received '010C'
2026-07-14 21:27:39,438  root       handle_request  DEBUG    Handling: '010C', header '7E0', ECU '7E0'
2026-07-14 21:27:39,438  root       handle_request  DEBUG    Description: Engine RPM, PID RPM (010C)
2026-07-14 21:27:39,438  root       handle_response DEBUG    Processing: '<pos_answer>2D 00</pos_answer> <header>7EA</header><size>04</size><data>41 0C 2D 00</data>'
2026-07-14 21:27:39,438  root       handle_response DEBUG    Write: '410C2D00\r410C2D00\r\r>'
2026-07-14 21:27:39,479  root       run             DEBUG    Received '0105'
2026-07-14 21:27:39,479  root       handle_request  DEBUG    Handling: '0105', header '7E0', ECU '7E0'
2026-07-14 21:27:39,479  root       handle_request  DEBUG    Description: Engine Coolant Temperature, PID COOLANT_TEMP (0105)
2026-07-14 21:27:39,479  root       handle_response DEBUG    Processing: '<pos_answer>7B</pos_answer>'
2026-07-14 21:27:39,479  root       handle_response DEBUG    Write: '41057B\r\r>'
2026-07-14 21:27:39,522  root       run             DEBUG    Received '0111'
2026-07-14 21:27:39,522  root       handle_request  DEBUG    Handling: '0111', header '7E0', ECU '7E0'
2026-07-14 21:27:39,522  root       handle_request  DEBUG    Description: Throttle Position, PID THROTTLE_POS (0111)
2026-07-14 21:27:39,522  root       handle_response DEBUG    Processing: '<pos_answer>FF</pos_answer>'
2026-07-14 21:27:39,522  root       handle_response DEBUG    Write: '4111FF\r\r>'
2026-07-14 21:27:39,606  root       run             DEBUG    Received '010D'
2026-07-14 21:27:39,606  root       handle_request  DEBUG    Handling: '010D', header '7E0', ECU '7E0'
2026-07-14 21:27:39,606  root       handle_request  DEBUG    Description: Vehicle Speed, PID SPEED (010D)
2026-07-14 21:27:39,606  root       handle_response DEBUG    Processing: '<pos_answer>24</pos_answer> <header>7EA</header><size>03</size><data>41 0D 24</data>'
2026-07-14 21:27:39,608  root       handle_response DEBUG    Write: '410D24\r410D24\r\r>'
2026-07-14 21:27:39,649  root       run             DEBUG    Received '010C'
2026-07-14 21:27:39,649  root       handle_request  DEBUG    Handling: '010C', header '7E0', ECU '7E0'
2026-07-14 21:27:39,649  root       handle_request  DEBUG    Description: Engine RPM, PID RPM (010C)
2026-07-14 21:27:39,649  root       handle_response DEBUG    Processing: '<pos_answer>2C B0</pos_answer> <header>7EA</header><size>04</size><data>41 0C 2C B0</data>'
2026-07-14 21:27:39,649  root       handle_response DEBUG    Write: '410C2CB0\r410C2CB0\r\r>'
2026-07-14 21:27:39,700  root       run             DEBUG    Received '0105'
2026-07-14 21:27:39,700  root       handle_request  DEBUG    Handling: '0105', header '7E0', ECU '7E0'
2026-07-14 21:27:39,700  root       handle_request  DEBUG    Description: Engine Coolant Temperature, PID COOLANT_TEMP (0105)
2026-07-14 21:27:39,700  root       handle_response DEBUG    Processing: '<pos_answer>7B</pos_answer>'
2026-07-14 21:27:39,702  root       handle_response DEBUG    Write: '41057B\r\r>'
2026-07-14 21:27:39,742  root       run             DEBUG    Received '0111'
2026-07-14 21:27:39,742  root       handle_request  DEBUG    Handling: '0111', header '7E0', ECU '7E0'
2026-07-14 21:27:39,742  root       handle_request  DEBUG    Description: Throttle Position, PID THROTTLE_POS (0111)
2026-07-14 21:27:39,742  root       handle_response DEBUG    Processing: '<pos_answer>FF</pos_answer>'
2026-07-14 21:27:39,742  root       handle_response DEBUG    Write: '4111FF\r\r>'
2026-07-14 21:27:39,826  root       run             DEBUG    Received '010D'
2026-07-14 21:27:39,826  root       handle_request  DEBUG    Handling: '010D', header '7E0', ECU '7E0'
2026-07-14 21:27:39,826  root       handle_request  DEBUG    Description: Vehicle Speed, PID SPEED (010D)
2026-07-14 21:27:39,826  root       handle_response DEBUG    Processing: '<pos_answer>28</pos_answer> <header>7EA</header><size>03</size><data>41 0D 28</data>'
2026-07-14 21:27:39,826  root       handle_response DEBUG    Write: '410D28\r410D28\r\r>'
2026-07-14 21:27:39,869  root       run             DEBUG    Received '010C'
2026-07-14 21:27:39,869  root       handle_request  DEBUG    Handling: '010C', header '7E0', ECU '7E0'
2026-07-14 21:27:39,869  root       handle_request  DEBUG    Description: Engine RPM, PID RPM (010C)
2026-07-14 21:27:39,869  root       handle_response DEBUG    Processing: '<pos_answer>2C 60</pos_answer> <header>7EA</header><size>04</size><data>41 0C 2C 60</data>'
2026-07-14 21:27:39,869  root       handle_response DEBUG    Write: '410C2C60\r410C2C60\r\r>'
2026-07-14 21:27:39,912  root       run             DEBUG    Received '0105'
2026-07-14 21:27:39,912  root       handle_request  DEBUG    Handling: '0105', header '7E0', ECU '7E0'
2026-07-14 21:27:39,912  root       handle_request  DEBUG    Description: Engine Coolant Temperature, PID COOLANT_TEMP (0105)
2026-07-14 21:27:39,912  root       handle_response DEBUG    Processing: '<pos_answer>7B</pos_answer>'
2026-07-14 21:27:39,912  root       handle_response DEBUG    Write: '41057B\r\r>'
2026-07-14 21:27:39,955  root       run             DEBUG    Received '0111'
2026-07-14 21:27:39,955  root       handle_request  DEBUG    Handling: '0111', header '7E0', ECU '7E0'
2026-07-14 21:27:39,955  root       handle_request  DEBUG    Description: Throttle Position, PID THROTTLE_POS (0111)
2026-07-14 21:27:39,955  root       handle_response DEBUG    Processing: '<pos_answer>FF</pos_answer>'
2026-07-14 21:27:39,955  root       handle_response DEBUG    Write: '4111FF\r\r>'
2026-07-14 21:27:40,038  root       run             DEBUG    Received '010D'
2026-07-14 21:27:40,038  root       handle_request  DEBUG    Handling: '010D', header '7E0', ECU '7E0'
2026-07-14 21:27:40,038  root       handle_request  DEBUG    Description: Vehicle Speed, PID SPEED (010D)
2026-07-14 21:27:40,038  root       handle_response DEBUG    Processing: '<pos_answer>2C</pos_answer> <header>7EA</header><size>03</size><data>41 0D 2C</data>'
2026-07-14 21:27:40,040  root       handle_response DEBUG    Write: '410D2C\r410D2C\r\r>'
2026-07-14 21:27:40,081  root       run             DEBUG    Received '010C'
2026-07-14 21:27:40,081  root       handle_request  DEBUG    Handling: '010C', header '7E0', ECU '7E0'
2026-07-14 21:27:40,081  root       handle_request  DEBUG    Description: Engine RPM, PID RPM (010C)
2026-07-14 21:27:40,081  root       handle_response DEBUG    Processing: '<pos_answer>2C 10</pos_answer> <header>7EA</header><size>04</size><data>41 0C 2C 10</data>'
2026-07-14 21:27:40,081  root       handle_response DEBUG    Write: '410C2C10\r410C2C10\r\r>'
2026-07-14 21:27:40,124  root       run             DEBUG    Received '0105'
2026-07-14 21:27:40,124  root       handle_request  DEBUG    Handling: '0105', header '7E0', ECU '7E0'
2026-07-14 21:27:40,124  root       handle_request  DEBUG    Description: Engine Coolant Temperature, PID COOLANT_TEMP (0105)
2026-07-14 21:27:40,124  root       handle_response DEBUG    Processing: '<pos_answer>7B</pos_answer>'
2026-07-14 21:27:40,126  root       handle_response DEBUG    Write: '41057B\r\r>'
2026-07-14 21:27:40,168  root       run             DEBUG    Received '0111'
2026-07-14 21:27:40,168  root       handle_request  DEBUG    Handling: '0111', header '7E0', ECU '7E0'
2026-07-14 21:27:40,168  root       handle_request  DEBUG    Description: Throttle Position, PID THROTTLE_POS (0111)
2026-07-14 21:27:40,168  root       handle_response DEBUG    Processing: '<pos_answer>FF</pos_answer>'
2026-07-14 21:27:40,168  root       handle_response DEBUG    Write: '4111FF\r\r>'
2026-07-14 21:27:40,251  root       run             DEBUG    Received '010D'
2026-07-14 21:27:40,251  root       handle_request  DEBUG    Handling: '010D', header '7E0', ECU '7E0'
2026-07-14 21:27:40,251  root       handle_request  DEBUG    Description: Vehicle Speed, PID SPEED (010D)
2026-07-14 21:27:40,251  root       handle_response DEBUG    Processing: '<pos_answer>30</pos_answer> <header>7EA</header><size>03</size><data>41 0D 30</data>'
2026-07-14 21:27:40,251  root       handle_response DEBUG    Write: '410D30\r410D30\r\r>'
2026-07-14 21:27:40,294  root       run             DEBUG    Received '010C'
2026-07-14 21:27:40,295  root       handle_request  DEBUG    Handling: '010C', header '7E0', ECU '7E0'
2026-07-14 21:27:40,295  root       handle_request  DEBUG    Description: Engine RPM, PID RPM (010C)
2026-07-14 21:27:40,295  root       handle_response DEBUG    Processing: '<pos_answer>2B C0</pos_answer> <header>7EA</header><size>04</size><data>41 0C 2B C0</data>'
2026-07-14 21:27:40,295  root       handle_response DEBUG    Write: '410C2BC0\r410C2BC0\r\r>'
2026-07-14 21:27:40,337  root       run             DEBUG    Received '0105'
2026-07-14 21:27:40,338  root       handle_request  DEBUG    Handling: '0105', header '7E0', ECU '7E0'
2026-07-14 21:27:40,338  root       handle_request  DEBUG    Description: Engine Coolant Temperature, PID COOLANT_TEMP (0105)
2026-07-14 21:27:40,338  root       handle_response DEBUG    Processing: '<pos_answer>7B</pos_answer>'
2026-07-14 21:27:40,338  root       handle_response DEBUG    Write: '41057B\r\r>'
2026-07-14 21:27:40,380  root       run             DEBUG    Received '0111'
2026-07-14 21:27:40,381  root       handle_request  DEBUG    Handling: '0111', header '7E0', ECU '7E0'
2026-07-14 21:27:40,381  root       handle_request  DEBUG    Description: Throttle Position, PID THROTTLE_POS (0111)
2026-07-14 21:27:40,381  root       handle_response DEBUG    Processing: '<pos_answer>FF</pos_answer>'
2026-07-14 21:27:40,381  root       handle_response DEBUG    Write: '4111FF\r\r>'
2026-07-14 21:27:40,463  root       run             DEBUG    Received '010D'
2026-07-14 21:27:40,463  root       handle_request  DEBUG    Handling: '010D', header '7E0', ECU '7E0'
2026-07-14 21:27:40,463  root       handle_request  DEBUG    Description: Vehicle Speed, PID SPEED (010D)
2026-07-14 21:27:40,463  root       handle_response DEBUG    Processing: '<pos_answer>34</pos_answer> <header>7EA</header><size>03</size><data>41 0D 34</data>'
2026-07-14 21:27:40,465  root       handle_response DEBUG    Write: '410D34\r410D34\r\r>'
2026-07-14 21:27:40,507  root       run             DEBUG    Received '010C'
2026-07-14 21:27:40,507  root       handle_request  DEBUG    Handling: '010C', header '7E0', ECU '7E0'
2026-07-14 21:27:40,508  root       handle_request  DEBUG    Description: Engine RPM, PID RPM (010C)
2026-07-14 21:27:40,508  root       handle_response DEBUG    Processing: '<pos_answer>2B 70</pos_answer> <header>7EA</header><size>04</size><data>41 0C 2B 70</data>'
2026-07-14 21:27:40,508  root       handle_response DEBUG    Write: '410C2B70\r410C2B70\r\r>'
2026-07-14 21:27:40,549  root       run             DEBUG    Received '0105'
2026-07-14 21:27:40,549  root       handle_request  DEBUG    Handling: '0105', header '7E0', ECU '7E0'
2026-07-14 21:27:40,549  root       handle_request  DEBUG    Description: Engine Coolant Temperature, PID COOLANT_TEMP (0105)
2026-07-14 21:27:40,549  root       handle_response DEBUG    Processing: '<pos_answer>7B</pos_answer>'
2026-07-14 21:27:40,551  root       handle_response DEBUG    Write: '41057B\r\r>'
2026-07-14 21:27:40,592  root       run             DEBUG    Received '0111'
2026-07-14 21:27:40,592  root       handle_request  DEBUG    Handling: '0111', header '7E0', ECU '7E0'
2026-07-14 21:27:40,592  root       handle_request  DEBUG    Description: Throttle Position, PID THROTTLE_POS (0111)
2026-07-14 21:27:40,592  root       handle_response DEBUG    Processing: '<pos_answer>FF</pos_answer>'
2026-07-14 21:27:40,592  root       handle_response DEBUG    Write: '4111FF\r\r>'
2026-07-14 21:27:40,675  root       run             DEBUG    Received '010D'
2026-07-14 21:27:40,675  root       handle_request  DEBUG    Handling: '010D', header '7E0', ECU '7E0'
2026-07-14 21:27:40,675  root       handle_request  DEBUG    Description: Vehicle Speed, PID SPEED (010D)
2026-07-14 21:27:40,677  root       handle_response DEBUG    Processing: '<pos_answer>38</pos_answer> <header>7EA</header><size>03</size><data>41 0D 38</data>'
2026-07-14 21:27:40,677  root       handle_response DEBUG    Write: '410D38\r410D38\r\r>'
2026-07-14 21:27:40,718  root       run             DEBUG    Received '010C'
2026-07-14 21:27:40,719  root       handle_request  DEBUG    Handling: '010C', header '7E0', ECU '7E0'
2026-07-14 21:27:40,719  root       handle_request  DEBUG    Description: Engine RPM, PID RPM (010C)
2026-07-14 21:27:40,719  root       handle_response DEBUG    Processing: '<pos_answer>2B 20</pos_answer> <header>7EA</header><size>04</size><data>41 0C 2B 20</data>'
2026-07-14 21:27:40,719  root       handle_response DEBUG    Write: '410C2B20\r410C2B20\r\r>'
2026-07-14 21:27:40,762  root       run             DEBUG    Received '0105'
2026-07-14 21:27:40,762  root       handle_request  DEBUG    Handling: '0105', header '7E0', ECU '7E0'
2026-07-14 21:27:40,762  root       handle_request  DEBUG    Description: Engine Coolant Temperature, PID COOLANT_TEMP (0105)
2026-07-14 21:27:40,762  root       handle_response DEBUG    Processing: '<pos_answer>7B</pos_answer>'
2026-07-14 21:27:40,762  root       handle_response DEBUG    Write: '41057B\r\r>'
2026-07-14 21:27:40,804  root       run             DEBUG    Received '0111'
2026-07-14 21:27:40,804  root       handle_request  DEBUG    Handling: '0111', header '7E0', ECU '7E0'
2026-07-14 21:27:40,804  root       handle_request  DEBUG    Description: Throttle Position, PID THROTTLE_POS (0111)
2026-07-14 21:27:40,804  root       handle_response DEBUG    Processing: '<pos_answer>FF</pos_answer>'
2026-07-14 21:27:40,804  root       handle_response DEBUG    Write: '4111FF\r\r>'
2026-07-14 21:27:40,888  root       run             DEBUG    Received '010D'
2026-07-14 21:27:40,888  root       handle_request  DEBUG    Handling: '010D', header '7E0', ECU '7E0'
2026-07-14 21:27:40,888  root       handle_request  DEBUG    Description: Vehicle Speed, PID SPEED (010D)
2026-07-14 21:27:40,888  root       handle_response DEBUG    Processing: '<pos_answer>3C</pos_answer> <header>7EA</header><size>03</size><data>41 0D 3C</data>'
2026-07-14 21:27:40,888  root       handle_response DEBUG    Write: '410D3C\r410D3C\r\r>'
2026-07-14 21:27:40,931  root       run             DEBUG    Received '010C'
2026-07-14 21:27:40,931  root       handle_request  DEBUG    Handling: '010C', header '7E0', ECU '7E0'
2026-07-14 21:27:40,931  root       handle_request  DEBUG    Description: Engine RPM, PID RPM (010C)
2026-07-14 21:27:40,931  root       handle_response DEBUG    Processing: '<pos_answer>2A D0</pos_answer> <header>7EA</header><size>04</size><data>41 0C 2A D0</data>'
2026-07-14 21:27:40,933  root       handle_response DEBUG    Write: '410C2AD0\r410C2AD0\r\r>'
2026-07-14 21:27:40,974  root       run             DEBUG    Received '0105'
2026-07-14 21:27:40,975  root       handle_request  DEBUG    Handling: '0105', header '7E0', ECU '7E0'
2026-07-14 21:27:40,975  root       handle_request  DEBUG    Description: Engine Coolant Temperature, PID COOLANT_TEMP (0105)
2026-07-14 21:27:40,975  root       handle_response DEBUG    Processing: '<pos_answer>7B</pos_answer>'
2026-07-14 21:27:40,975  root       handle_response DEBUG    Write: '41057B\r\r>'
2026-07-14 21:27:41,017  root       run             DEBUG    Received '0111'
2026-07-14 21:27:41,017  root       handle_request  DEBUG    Handling: '0111', header '7E0', ECU '7E0'
2026-07-14 21:27:41,017  root       handle_request  DEBUG    Description: Throttle Position, PID THROTTLE_POS (0111)
2026-07-14 21:27:41,017  root       handle_response DEBUG    Processing: '<pos_answer>FF</pos_answer>'
2026-07-14 21:27:41,017  root       handle_response DEBUG    Write: '4111FF\r\r>'
2026-07-14 21:27:41,101  root       run             DEBUG    Received '010D'
2026-07-14 21:27:41,102  root       handle_request  DEBUG    Handling: '010D', header '7E0', ECU '7E0'
2026-07-14 21:27:41,102  root       handle_request  DEBUG    Description: Vehicle Speed, PID SPEED (010D)
2026-07-14 21:27:41,102  root       handle_response DEBUG    Processing: '<pos_answer>40</pos_answer> <header>7EA</header><size>03</size><data>41 0D 40</data>'
2026-07-14 21:27:41,102  root       handle_response DEBUG    Write: '410D40\r410D40\r\r>'
2026-07-14 21:27:41,144  root       run             DEBUG    Received '010C'
2026-07-14 21:27:41,144  root       handle_request  DEBUG    Handling: '010C', header '7E0', ECU '7E0'
2026-07-14 21:27:41,144  root       handle_request  DEBUG    Description: Engine RPM, PID RPM (010C)
2026-07-14 21:27:41,144  root       handle_response DEBUG    Processing: '<pos_answer>2A 80</pos_answer> <header>7EA</header><size>04</size><data>41 0C 2A 80</data>'
2026-07-14 21:27:41,144  root       handle_response DEBUG    Write: '410C2A80\r410C2A80\r\r>'
2026-07-14 21:27:41,187  root       run             DEBUG    Received '0105'
2026-07-14 21:27:41,187  root       handle_request  DEBUG    Handling: '0105', header '7E0', ECU '7E0'
2026-07-14 21:27:41,187  root       handle_request  DEBUG    Description: Engine Coolant Temperature, PID COOLANT_TEMP (0105)
2026-07-14 21:27:41,187  root       handle_response DEBUG    Processing: '<pos_answer>7B</pos_answer>'
2026-07-14 21:27:41,187  root       handle_response DEBUG    Write: '41057B\r\r>'
2026-07-14 21:27:41,230  root       run             DEBUG    Received '015E'
2026-07-14 21:27:41,230  root       handle_request  DEBUG    Handling: '015E', header '7E0', ECU '7E0'
2026-07-14 21:27:41,230  root       handle_request  INFO     Unknown request: '015E', header=7E0
2026-07-14 21:27:41,230  root       handle_response DEBUG    Processing: '<writeln>NO DATA</writeln>'
2026-07-14 21:27:41,232  root       handle_response DEBUG    Write: 'NO DATA\r\r>'
2026-07-14 21:27:41,233  root       run             DEBUG    Received '0110'
2026-07-14 21:27:41,233  root       handle_request  DEBUG    Handling: '0110', header '7E0', ECU '7E0'
2026-07-14 21:27:41,233  root       handle_request  DEBUG    Description: Air Flow Rate (MAF), PID MAF (0110)
2026-07-14 21:27:41,233  root       handle_response DEBUG    Processing: '<pos_answer>05 1F</pos_answer>'
2026-07-14 21:27:41,233  root       handle_response DEBUG    Write: '4110051F\r\r>'
2026-07-14 21:27:41,233  root       run             DEBUG    Received '0151'
2026-07-14 21:27:41,233  root       handle_request  DEBUG    Handling: '0151', header '7E0', ECU '7E0'
2026-07-14 21:27:41,233  root       handle_request  DEBUG    Description: Fuel Type, PID FUEL_TYPE (0151)
2026-07-14 21:27:41,233  root       handle_response DEBUG    Processing: '<pos_answer>01</pos_answer>'
2026-07-14 21:27:41,236  root       handle_response DEBUG    Write: '415101\r\r>'
2026-07-14 21:27:41,277  root       run             DEBUG    Received '0104'
2026-07-14 21:27:41,277  root       handle_request  DEBUG    Handling: '0104', header '7E0', ECU '7E0'
2026-07-14 21:27:41,277  root       handle_request  DEBUG    Description: Calculated Engine Load, PID ENGINE_LOAD (0104)
2026-07-14 21:27:41,277  root       handle_response DEBUG    Processing: '<pos_answer>00</pos_answer>'
2026-07-14 21:27:41,277  root       handle_response DEBUG    Write: '410400\r\r>'
2026-07-14 21:27:41,320  root       run             DEBUG    Received '010F'
2026-07-14 21:27:41,321  root       handle_request  DEBUG    Handling: '010F', header '7E0', ECU '7E0'
2026-07-14 21:27:41,321  root       handle_request  DEBUG    Description: Intake Air Temp, PID INTAKE_TEMP (010F)
2026-07-14 21:27:41,321  root       handle_response DEBUG    Processing: '<pos_answer>44</pos_answer>'
2026-07-14 21:27:41,321  root       handle_response DEBUG    Write: '410F44\r\r>'
2026-07-14 21:27:41,363  root       run             DEBUG    Received '0111'
2026-07-14 21:27:41,363  root       handle_request  DEBUG    Handling: '0111', header '7E0', ECU '7E0'
2026-07-14 21:27:41,363  root       handle_request  DEBUG    Description: Throttle Position, PID THROTTLE_POS (0111)
2026-07-14 21:27:41,364  root       handle_response DEBUG    Processing: '<pos_answer>FF</pos_answer>'
2026-07-14 21:27:41,364  root       handle_response DEBUG    Write: '4111FF\r\r>'
2026-07-14 21:27:41,446  root       run             DEBUG    Received '010D'
2026-07-14 21:27:41,446  root       handle_request  DEBUG    Handling: '010D', header '7E0', ECU '7E0'
2026-07-14 21:27:41,446  root       handle_request  DEBUG    Description: Vehicle Speed, PID SPEED (010D)
2026-07-14 21:27:41,446  root       handle_response DEBUG    Processing: '<pos_answer>44</pos_answer> <header>7EA</header><size>03</size><data>41 0D 44</data>'
2026-07-14 21:27:41,448  root       handle_response DEBUG    Write: '410D44\r410D44\r\r>'
2026-07-14 21:27:41,489  root       run             DEBUG    Received '010C'
2026-07-14 21:27:41,489  root       handle_request  DEBUG    Handling: '010C', header '7E0', ECU '7E0'
2026-07-14 21:27:41,489  root       handle_request  DEBUG    Description: Engine RPM, PID RPM (010C)
2026-07-14 21:27:41,489  root       handle_response DEBUG    Processing: '<pos_answer>2A 30</pos_answer> <header>7EA</header><size>04</size><data>41 0C 2A 30</data>'
2026-07-14 21:27:41,491  root       handle_response DEBUG    Write: '410C2A30\r410C2A30\r\r>'
2026-07-14 21:27:41,532  root       run             DEBUG    Received '0105'
2026-07-14 21:27:41,532  root       handle_request  DEBUG    Handling: '0105', header '7E0', ECU '7E0'
2026-07-14 21:27:41,532  root       handle_request  DEBUG    Description: Engine Coolant Temperature, PID COOLANT_TEMP (0105)
2026-07-14 21:27:41,532  root       handle_response DEBUG    Processing: '<pos_answer>7B</pos_answer>'
2026-07-14 21:27:41,532  root       handle_response DEBUG    Write: '41057B\r\r>'
2026-07-14 21:27:41,577  root       run             DEBUG    Received '0111'
2026-07-14 21:27:41,577  root       handle_request  DEBUG    Handling: '0111', header '7E0', ECU '7E0'
2026-07-14 21:27:41,577  root       handle_request  DEBUG    Description: Throttle Position, PID THROTTLE_POS (0111)
2026-07-14 21:27:41,577  root       handle_response DEBUG    Processing: '<pos_answer>FF</pos_answer>'
2026-07-14 21:27:41,577  root       handle_response DEBUG    Write: '4111FF\r\r>'
2026-07-14 21:27:41,660  root       run             DEBUG    Received '010D'
2026-07-14 21:27:41,660  root       handle_request  DEBUG    Handling: '010D', header '7E0', ECU '7E0'
2026-07-14 21:27:41,660  root       handle_request  DEBUG    Description: Vehicle Speed, PID SPEED (010D)
2026-07-14 21:27:41,660  root       handle_response DEBUG    Processing: '<pos_answer>48</pos_answer> <header>7EA</header><size>03</size><data>41 0D 48</data>'
2026-07-14 21:27:41,660  root       handle_response DEBUG    Write: '410D48\r410D48\r\r>'
2026-07-14 21:27:41,703  root       run             DEBUG    Received '010C'
2026-07-14 21:27:41,703  root       handle_request  DEBUG    Handling: '010C', header '7E0', ECU '7E0'
2026-07-14 21:27:41,703  root       handle_request  DEBUG    Description: Engine RPM, PID RPM (010C)
2026-07-14 21:27:41,703  root       handle_response DEBUG    Processing: '<pos_answer>29 E0</pos_answer> <header>7EA</header><size>04</size><data>41 0C 29 E0</data>'
2026-07-14 21:27:41,703  root       handle_response DEBUG    Write: '410C29E0\r410C29E0\r\r>'
2026-07-14 21:27:41,746  root       run             DEBUG    Received '0105'
2026-07-14 21:27:41,746  root       handle_request  DEBUG    Handling: '0105', header '7E0', ECU '7E0'
2026-07-14 21:27:41,746  root       handle_request  DEBUG    Description: Engine Coolant Temperature, PID COOLANT_TEMP (0105)
2026-07-14 21:27:41,746  root       handle_response DEBUG    Processing: '<pos_answer>7B</pos_answer>'
2026-07-14 21:27:41,746  root       handle_response DEBUG    Write: '41057B\r\r>'
2026-07-14 21:27:41,788  root       run             DEBUG    Received '0111'
2026-07-14 21:27:41,788  root       handle_request  DEBUG    Handling: '0111', header '7E0', ECU '7E0'
2026-07-14 21:27:41,788  root       handle_request  DEBUG    Description: Throttle Position, PID THROTTLE_POS (0111)
2026-07-14 21:27:41,788  root       handle_response DEBUG    Processing: '<pos_answer>FF</pos_answer>'
2026-07-14 21:27:41,788  root       handle_response DEBUG    Write: '4111FF\r\r>'
2026-07-14 21:27:41,871  root       run             DEBUG    Received '010D'
2026-07-14 21:27:41,871  root       handle_request  DEBUG    Handling: '010D', header '7E0', ECU '7E0'
2026-07-14 21:27:41,871  root       handle_request  DEBUG    Description: Vehicle Speed, PID SPEED (010D)
2026-07-14 21:27:41,871  root       handle_response DEBUG    Processing: '<pos_answer>4C</pos_answer> <header>7EA</header><size>03</size><data>41 0D 4C</data>'
2026-07-14 21:27:41,873  root       handle_response DEBUG    Write: '410D4C\r410D4C\r\r>'
2026-07-14 21:27:41,916  root       run             DEBUG    Received '010C'
2026-07-14 21:27:41,916  root       handle_request  DEBUG    Handling: '010C', header '7E0', ECU '7E0'
2026-07-14 21:27:41,916  root       handle_request  DEBUG    Description: Engine RPM, PID RPM (010C)
2026-07-14 21:27:41,916  root       handle_response DEBUG    Processing: '<pos_answer>29 90</pos_answer> <header>7EA</header><size>04</size><data>41 0C 29 90</data>'
2026-07-14 21:27:41,916  root       handle_response DEBUG    Write: '410C2990\r410C2990\r\r>'
2026-07-14 21:27:41,959  root       run             DEBUG    Received '0105'
2026-07-14 21:27:41,959  root       handle_request  DEBUG    Handling: '0105', header '7E0', ECU '7E0'
2026-07-14 21:27:41,959  root       handle_request  DEBUG    Description: Engine Coolant Temperature, PID COOLANT_TEMP (0105)
2026-07-14 21:27:41,959  root       handle_response DEBUG    Processing: '<pos_answer>7B</pos_answer>'
2026-07-14 21:27:41,961  root       handle_response DEBUG    Write: '41057B\r\r>'
2026-07-14 21:27:42,002  root       run             DEBUG    Received '0111'
2026-07-14 21:27:42,002  root       handle_request  DEBUG    Handling: '0111', header '7E0', ECU '7E0'
2026-07-14 21:27:42,002  root       handle_request  DEBUG    Description: Throttle Position, PID THROTTLE_POS (0111)
2026-07-14 21:27:42,002  root       handle_response DEBUG    Processing: '<pos_answer>FF</pos_answer>'
2026-07-14 21:27:42,002  root       handle_response DEBUG    Write: '4111FF\r\r>'
2026-07-14 21:27:42,085  root       run             DEBUG    Received '010D'
2026-07-14 21:27:42,085  root       handle_request  DEBUG    Handling: '010D', header '7E0', ECU '7E0'
2026-07-14 21:27:42,085  root       handle_request  DEBUG    Description: Vehicle Speed, PID SPEED (010D)
2026-07-14 21:27:42,085  root       handle_response DEBUG    Processing: '<pos_answer>50</pos_answer> <header>7EA</header><size>03</size><data>41 0D 50</data>'
2026-07-14 21:27:42,087  root       handle_response DEBUG    Write: '410D50\r410D50\r\r>'
2026-07-14 21:27:42,128  root       run             DEBUG    Received '010C'
2026-07-14 21:27:42,128  root       handle_request  DEBUG    Handling: '010C', header '7E0', ECU '7E0'
2026-07-14 21:27:42,128  root       handle_request  DEBUG    Description: Engine RPM, PID RPM (010C)
2026-07-14 21:27:42,128  root       handle_response DEBUG    Processing: '<pos_answer>29 40</pos_answer> <header>7EA</header><size>04</size><data>41 0C 29 40</data>'
2026-07-14 21:27:42,129  root       handle_response DEBUG    Write: '410C2940\r410C2940\r\r>'
2026-07-14 21:27:42,171  root       run             DEBUG    Received '0105'
2026-07-14 21:27:42,172  root       handle_request  DEBUG    Handling: '0105', header '7E0', ECU '7E0'
2026-07-14 21:27:42,172  root       handle_request  DEBUG    Description: Engine Coolant Temperature, PID COOLANT_TEMP (0105)
2026-07-14 21:27:42,172  root       handle_response DEBUG    Processing: '<pos_answer>7B</pos_answer>'
2026-07-14 21:27:42,172  root       handle_response DEBUG    Write: '41057B\r\r>'
2026-07-14 21:27:42,214  root       run             DEBUG    Received '0111'
2026-07-14 21:27:42,214  root       handle_request  DEBUG    Handling: '0111', header '7E0', ECU '7E0'
2026-07-14 21:27:42,214  root       handle_request  DEBUG    Description: Throttle Position, PID THROTTLE_POS (0111)
2026-07-14 21:27:42,214  root       handle_response DEBUG    Processing: '<pos_answer>FF</pos_answer>'
2026-07-14 21:27:42,214  root       handle_response DEBUG    Write: '4111FF\r\r>'
2026-07-14 21:27:42,297  root       run             DEBUG    Received '010D'
2026-07-14 21:27:42,297  root       handle_request  DEBUG    Handling: '010D', header '7E0', ECU '7E0'
2026-07-14 21:27:42,297  root       handle_request  DEBUG    Description: Vehicle Speed, PID SPEED (010D)
2026-07-14 21:27:42,297  root       handle_response DEBUG    Processing: '<pos_answer>54</pos_answer> <header>7EA</header><size>03</size><data>41 0D 54</data>'
2026-07-14 21:27:42,297  root       handle_response DEBUG    Write: '410D54\r410D54\r\r>'
2026-07-14 21:27:42,341  root       run             DEBUG    Received '010C'
2026-07-14 21:27:42,341  root       handle_request  DEBUG    Handling: '010C', header '7E0', ECU '7E0'
2026-07-14 21:27:42,341  root       handle_request  DEBUG    Description: Engine RPM, PID RPM (010C)
2026-07-14 21:27:42,341  root       handle_response DEBUG    Processing: '<pos_answer>28 F0</pos_answer> <header>7EA</header><size>04</size><data>41 0C 28 F0</data>'
2026-07-14 21:27:42,341  root       handle_response DEBUG    Write: '410C28F0\r410C28F0\r\r>'
2026-07-14 21:27:42,383  root       run             DEBUG    Received '0105'
2026-07-14 21:27:42,383  root       handle_request  DEBUG    Handling: '0105', header '7E0', ECU '7E0'
2026-07-14 21:27:42,383  root       handle_request  DEBUG    Description: Engine Coolant Temperature, PID COOLANT_TEMP (0105)
2026-07-14 21:27:42,383  root       handle_response DEBUG    Processing: '<pos_answer>7B</pos_answer>'
2026-07-14 21:27:42,385  root       handle_response DEBUG    Write: '41057B\r\r>'
2026-07-14 21:27:42,426  root       run             DEBUG    Received '0111'
2026-07-14 21:27:42,427  root       handle_request  DEBUG    Handling: '0111', header '7E0', ECU '7E0'
2026-07-14 21:27:42,427  root       handle_request  DEBUG    Description: Throttle Position, PID THROTTLE_POS (0111)
2026-07-14 21:27:42,427  root       handle_response DEBUG    Processing: '<pos_answer>FF</pos_answer>'
2026-07-14 21:27:42,427  root       handle_response DEBUG    Write: '4111FF\r\r>'
2026-07-14 21:27:42,510  root       run             DEBUG    Received '010D'
2026-07-14 21:27:42,511  root       handle_request  DEBUG    Handling: '010D', header '7E0', ECU '7E0'
2026-07-14 21:27:42,511  root       handle_request  DEBUG    Description: Vehicle Speed, PID SPEED (010D)
2026-07-14 21:27:42,511  root       handle_response DEBUG    Processing: '<pos_answer>58</pos_answer> <header>7EA</header><size>03</size><data>41 0D 58</data>'
2026-07-14 21:27:42,511  root       handle_response DEBUG    Write: '410D58\r410D58\r\r>'
2026-07-14 21:27:42,553  root       run             DEBUG    Received '010C'
2026-07-14 21:27:42,553  root       handle_request  DEBUG    Handling: '010C', header '7E0', ECU '7E0'
2026-07-14 21:27:42,553  root       handle_request  DEBUG    Description: Engine RPM, PID RPM (010C)
2026-07-14 21:27:42,553  root       handle_response DEBUG    Processing: '<pos_answer>28 A0</pos_answer> <header>7EA</header><size>04</size><data>41 0C 28 A0</data>'
2026-07-14 21:27:42,555  root       handle_response DEBUG    Write: '410C28A0\r410C28A0\r\r>'
2026-07-14 21:27:42,596  root       run             DEBUG    Received '0105'
2026-07-14 21:27:42,596  root       handle_request  DEBUG    Handling: '0105', header '7E0', ECU '7E0'
2026-07-14 21:27:42,596  root       handle_request  DEBUG    Description: Engine Coolant Temperature, PID COOLANT_TEMP (0105)
2026-07-14 21:27:42,596  root       handle_response DEBUG    Processing: '<pos_answer>7B</pos_answer>'
2026-07-14 21:27:42,596  root       handle_response DEBUG    Write: '41057B\r\r>'
2026-07-14 21:27:42,638  root       run             DEBUG    Received '0111'
2026-07-14 21:27:42,638  root       handle_request  DEBUG    Handling: '0111', header '7E0', ECU '7E0'
2026-07-14 21:27:42,638  root       handle_request  DEBUG    Description: Throttle Position, PID THROTTLE_POS (0111)
2026-07-14 21:27:42,638  root       handle_response DEBUG    Processing: '<pos_answer>FF</pos_answer>'
2026-07-14 21:27:42,638  root       handle_response DEBUG    Write: '4111FF\r\r>'
2026-07-14 21:27:42,722  root       run             DEBUG    Received '010D'
2026-07-14 21:27:42,722  root       handle_request  DEBUG    Handling: '010D', header '7E0', ECU '7E0'
2026-07-14 21:27:42,722  root       handle_request  DEBUG    Description: Vehicle Speed, PID SPEED (010D)
2026-07-14 21:27:42,722  root       handle_response DEBUG    Processing: '<pos_answer>5C</pos_answer> <header>7EA</header><size>03</size><data>41 0D 5C</data>'
2026-07-14 21:27:42,723  root       handle_response DEBUG    Write: '410D5C\r410D5C\r\r>'
2026-07-14 21:27:42,765  root       run             DEBUG    Received '010C'
2026-07-14 21:27:42,765  root       handle_request  DEBUG    Handling: '010C', header '7E0', ECU '7E0'
2026-07-14 21:27:42,765  root       handle_request  DEBUG    Description: Engine RPM, PID RPM (010C)
2026-07-14 21:27:42,765  root       handle_response DEBUG    Processing: '<pos_answer>28 50</pos_answer> <header>7EA</header><size>04</size><data>41 0C 28 50</data>'
2026-07-14 21:27:42,765  root       handle_response DEBUG    Write: '410C2850\r410C2850\r\r>'
2026-07-14 21:27:42,807  root       run             DEBUG    Received '0105'
2026-07-14 21:27:42,807  root       handle_request  DEBUG    Handling: '0105', header '7E0', ECU '7E0'
2026-07-14 21:27:42,807  root       handle_request  DEBUG    Description: Engine Coolant Temperature, PID COOLANT_TEMP (0105)
2026-07-14 21:27:42,807  root       handle_response DEBUG    Processing: '<pos_answer>7B</pos_answer>'
2026-07-14 21:27:42,807  root       handle_response DEBUG    Write: '41057B\r\r>'
2026-07-14 21:27:42,850  root       run             DEBUG    Received '0111'
2026-07-14 21:27:42,850  root       handle_request  DEBUG    Handling: '0111', header '7E0', ECU '7E0'
2026-07-14 21:27:42,850  root       handle_request  DEBUG    Description: Throttle Position, PID THROTTLE_POS (0111)
2026-07-14 21:27:42,850  root       handle_response DEBUG    Processing: '<pos_answer>FF</pos_answer>'
2026-07-14 21:27:42,850  root       handle_response DEBUG    Write: '4111FF\r\r>'
2026-07-14 21:27:42,933  root       run             DEBUG    Received '010D'
2026-07-14 21:27:42,933  root       handle_request  DEBUG    Handling: '010D', header '7E0', ECU '7E0'
2026-07-14 21:27:42,933  root       handle_request  DEBUG    Description: Vehicle Speed, PID SPEED (010D)
2026-07-14 21:27:42,935  root       handle_response DEBUG    Processing: '<pos_answer>60</pos_answer> <header>7EA</header><size>03</size><data>41 0D 60</data>'
2026-07-14 21:27:42,935  root       handle_response DEBUG    Write: '410D60\r410D60\r\r>'
2026-07-14 21:27:42,978  root       run             DEBUG    Received '010C'
2026-07-14 21:27:42,978  root       handle_request  DEBUG    Handling: '010C', header '7E0', ECU '7E0'
2026-07-14 21:27:42,978  root       handle_request  DEBUG    Description: Engine RPM, PID RPM (010C)
2026-07-14 21:27:42,981  root       handle_response DEBUG    Processing: '<pos_answer>28 00</pos_answer> <header>7EA</header><size>04</size><data>41 0C 28 00</data>'
2026-07-14 21:27:42,981  root       handle_response DEBUG    Write: '410C2800\r410C2800\r\r>'
2026-07-14 21:27:43,024  root       run             DEBUG    Received '0105'
2026-07-14 21:27:43,024  root       handle_request  DEBUG    Handling: '0105', header '7E0', ECU '7E0'
2026-07-14 21:27:43,024  root       handle_request  DEBUG    Description: Engine Coolant Temperature, PID COOLANT_TEMP (0105)
2026-07-14 21:27:43,024  root       handle_response DEBUG    Processing: '<pos_answer>7B</pos_answer>'
2026-07-14 21:27:43,024  root       handle_response DEBUG    Write: '41057B\r\r>'
2026-07-14 21:27:43,066  root       run             DEBUG    Received '0111'
2026-07-14 21:27:43,066  root       handle_request  DEBUG    Handling: '0111', header '7E0', ECU '7E0'
2026-07-14 21:27:43,066  root       handle_request  DEBUG    Description: Throttle Position, PID THROTTLE_POS (0111)
2026-07-14 21:27:43,066  root       handle_response DEBUG    Processing: '<pos_answer>FF</pos_answer>'
2026-07-14 21:27:43,066  root       handle_response DEBUG    Write: '4111FF\r\r>'
2026-07-14 21:27:43,151  root       run             DEBUG    Received '010D'
2026-07-14 21:27:43,151  root       handle_request  DEBUG    Handling: '010D', header '7E0', ECU '7E0'
2026-07-14 21:27:43,153  root       handle_request  DEBUG    Description: Vehicle Speed, PID SPEED (010D)
2026-07-14 21:27:43,153  root       handle_response DEBUG    Processing: '<pos_answer>64</pos_answer> <header>7EA</header><size>03</size><data>41 0D 64</data>'
2026-07-14 21:27:43,153  root       handle_response DEBUG    Write: '410D64\r410D64\r\r>'
2026-07-14 21:27:43,194  root       run             DEBUG    Received '010C'
2026-07-14 21:27:43,194  root       handle_request  DEBUG    Handling: '010C', header '7E0', ECU '7E0'
2026-07-14 21:27:43,194  root       handle_request  DEBUG    Description: Engine RPM, PID RPM (010C)
2026-07-14 21:27:43,194  root       handle_response DEBUG    Processing: '<pos_answer>27 B0</pos_answer> <header>7EA</header><size>04</size><data>41 0C 27 B0</data>'
2026-07-14 21:27:43,194  root       handle_response DEBUG    Write: '410C27B0\r410C27B0\r\r>'
2026-07-14 21:27:43,237  root       run             DEBUG    Received '0105'
2026-07-14 21:27:43,237  root       handle_request  DEBUG    Handling: '0105', header '7E0', ECU '7E0'
2026-07-14 21:27:43,237  root       handle_request  DEBUG    Description: Engine Coolant Temperature, PID COOLANT_TEMP (0105)
2026-07-14 21:27:43,237  root       handle_response DEBUG    Processing: '<pos_answer>7B</pos_answer>'
2026-07-14 21:27:43,237  root       handle_response DEBUG    Write: '41057B\r\r>'
2026-07-14 21:27:43,287  root       run             DEBUG    Received '0111'
2026-07-14 21:27:43,288  root       handle_request  DEBUG    Handling: '0111', header '7E0', ECU '7E0'
2026-07-14 21:27:43,288  root       handle_request  DEBUG    Description: Throttle Position, PID THROTTLE_POS (0111)
2026-07-14 21:27:43,288  root       handle_response DEBUG    Processing: '<pos_answer>FF</pos_answer>'
2026-07-14 21:27:43,288  root       handle_response DEBUG    Write: '4111FF\r\r>'
2026-07-14 21:27:43,374  root       run             DEBUG    Received '010D'
2026-07-14 21:27:43,376  root       handle_request  DEBUG    Handling: '010D', header '7E0', ECU '7E0'
2026-07-14 21:27:43,376  root       handle_request  DEBUG    Description: Vehicle Speed, PID SPEED (010D)
2026-07-14 21:27:43,377  root       handle_response DEBUG    Processing: '<pos_answer>68</pos_answer> <header>7EA</header><size>03</size><data>41 0D 68</data>'
2026-07-14 21:27:43,377  root       handle_response DEBUG    Write: '410D68\r410D68\r\r>'
2026-07-14 21:27:43,423  root       run             DEBUG    Received '010C'
2026-07-14 21:27:43,423  root       handle_request  DEBUG    Handling: '010C', header '7E0', ECU '7E0'
2026-07-14 21:27:43,423  root       handle_request  DEBUG    Description: Engine RPM, PID RPM (010C)
2026-07-14 21:27:43,425  root       handle_response DEBUG    Processing: '<pos_answer>27 60</pos_answer> <header>7EA</header><size>04</size><data>41 0C 27 60</data>'
2026-07-14 21:27:43,425  root       handle_response DEBUG    Write: '410C2760\r410C2760\r\r>'
2026-07-14 21:27:43,466  root       run             DEBUG    Received '0105'
2026-07-14 21:27:43,466  root       handle_request  DEBUG    Handling: '0105', header '7E0', ECU '7E0'
2026-07-14 21:27:43,466  root       handle_request  DEBUG    Description: Engine Coolant Temperature, PID COOLANT_TEMP (0105)
2026-07-14 21:27:43,466  root       handle_response DEBUG    Processing: '<pos_answer>7B</pos_answer>'
2026-07-14 21:27:43,466  root       handle_response DEBUG    Write: '41057B\r\r>'
2026-07-14 21:27:43,510  root       run             DEBUG    Received '015E'
2026-07-14 21:27:43,510  root       handle_request  DEBUG    Handling: '015E', header '7E0', ECU '7E0'
2026-07-14 21:27:43,512  root       handle_request  INFO     Unknown request: '015E', header=7E0
2026-07-14 21:27:43,512  root       handle_response DEBUG    Processing: '<writeln>NO DATA</writeln>'
2026-07-14 21:27:43,512  root       handle_response DEBUG    Write: 'NO DATA\r\r>'
2026-07-14 21:27:43,515  root       run             DEBUG    Received '0110'
2026-07-14 21:27:43,515  root       handle_request  DEBUG    Handling: '0110', header '7E0', ECU '7E0'
2026-07-14 21:27:43,515  root       handle_request  DEBUG    Description: Air Flow Rate (MAF), PID MAF (0110)
2026-07-14 21:27:43,515  root       handle_response DEBUG    Processing: '<pos_answer>05 1F</pos_answer>'
2026-07-14 21:27:43,515  root       handle_response DEBUG    Write: '4110051F\r\r>'
2026-07-14 21:27:43,517  root       run             DEBUG    Received '0151'
2026-07-14 21:27:43,518  root       handle_request  DEBUG    Handling: '0151', header '7E0', ECU '7E0'
2026-07-14 21:27:43,518  root       handle_request  DEBUG    Description: Fuel Type, PID FUEL_TYPE (0151)
2026-07-14 21:27:43,518  root       handle_response DEBUG    Processing: '<pos_answer>01</pos_answer>'
2026-07-14 21:27:43,518  root       handle_response DEBUG    Write: '415101\r\r>'
2026-07-14 21:27:43,560  root       run             DEBUG    Received '0104'
2026-07-14 21:27:43,560  root       handle_request  DEBUG    Handling: '0104', header '7E0', ECU '7E0'
2026-07-14 21:27:43,560  root       handle_request  DEBUG    Description: Calculated Engine Load, PID ENGINE_LOAD (0104)
2026-07-14 21:27:43,560  root       handle_response DEBUG    Processing: '<pos_answer>00</pos_answer>'
2026-07-14 21:27:43,560  root       handle_response DEBUG    Write: '410400\r\r>'
2026-07-14 21:27:43,603  root       run             DEBUG    Received '010F'
2026-07-14 21:27:43,603  root       handle_request  DEBUG    Handling: '010F', header '7E0', ECU '7E0'
2026-07-14 21:27:43,603  root       handle_request  DEBUG    Description: Intake Air Temp, PID INTAKE_TEMP (010F)
2026-07-14 21:27:43,603  root       handle_response DEBUG    Processing: '<pos_answer>44</pos_answer>'
2026-07-14 21:27:43,603  root       handle_response DEBUG    Write: '410F44\r\r>'
2026-07-14 21:27:43,646  root       run             DEBUG    Received '0111'
2026-07-14 21:27:43,646  root       handle_request  DEBUG    Handling: '0111', header '7E0', ECU '7E0'
2026-07-14 21:27:43,646  root       handle_request  DEBUG    Description: Throttle Position, PID THROTTLE_POS (0111)
2026-07-14 21:27:43,648  root       handle_response DEBUG    Processing: '<pos_answer>FF</pos_answer>'
2026-07-14 21:27:43,648  root       handle_response DEBUG    Write: '4111FF\r\r>'
2026-07-14 21:27:43,733  root       run             DEBUG    Received '010D'
2026-07-14 21:27:43,733  root       handle_request  DEBUG    Handling: '010D', header '7E0', ECU '7E0'
2026-07-14 21:27:43,734  root       handle_request  DEBUG    Description: Vehicle Speed, PID SPEED (010D)
2026-07-14 21:27:43,734  root       handle_response DEBUG    Processing: '<pos_answer>6C</pos_answer> <header>7EA</header><size>03</size><data>41 0D 6C</data>'
2026-07-14 21:27:43,734  root       handle_response DEBUG    Write: '410D6C\r410D6C\r\r>'
2026-07-14 21:27:43,777  root       run             DEBUG    Received '010C'
2026-07-14 21:27:43,778  root       handle_request  DEBUG    Handling: '010C', header '7E0', ECU '7E0'
2026-07-14 21:27:43,778  root       handle_request  DEBUG    Description: Engine RPM, PID RPM (010C)
2026-07-14 21:27:43,778  root       handle_response DEBUG    Processing: '<pos_answer>27 10</pos_answer> <header>7EA</header><size>04</size><data>41 0C 27 10</data>'
2026-07-14 21:27:43,778  root       handle_response DEBUG    Write: '410C2710\r410C2710\r\r>'
2026-07-14 21:27:43,822  root       run             DEBUG    Received '0105'
2026-07-14 21:27:43,823  root       handle_request  DEBUG    Handling: '0105', header '7E0', ECU '7E0'
2026-07-14 21:27:43,824  root       handle_request  DEBUG    Description: Engine Coolant Temperature, PID COOLANT_TEMP (0105)
2026-07-14 21:27:43,824  root       handle_response DEBUG    Processing: '<pos_answer>7B</pos_answer>'
2026-07-14 21:27:43,824  root       handle_response DEBUG    Write: '41057B\r\r>'
2026-07-14 21:27:43,877  root       run             DEBUG    Received '0111'
2026-07-14 21:27:43,877  root       handle_request  DEBUG    Handling: '0111', header '7E0', ECU '7E0'
2026-07-14 21:27:43,877  root       handle_request  DEBUG    Description: Throttle Position, PID THROTTLE_POS (0111)
2026-07-14 21:27:43,879  root       handle_response DEBUG    Processing: '<pos_answer>FF</pos_answer>'
2026-07-14 21:27:43,879  root       handle_response DEBUG    Write: '4111FF\r\r>'
2026-07-14 21:27:43,961  root       run             DEBUG    Received '010D'
2026-07-14 21:27:43,962  root       handle_request  DEBUG    Handling: '010D', header '7E0', ECU '7E0'
2026-07-14 21:27:43,962  root       handle_request  DEBUG    Description: Vehicle Speed, PID SPEED (010D)
2026-07-14 21:27:43,962  root       handle_response DEBUG    Processing: '<pos_answer>70</pos_answer> <header>7EA</header><size>03</size><data>41 0D 70</data>'
2026-07-14 21:27:43,962  root       handle_response DEBUG    Write: '410D70\r410D70\r\r>'
2026-07-14 21:27:44,004  root       run             DEBUG    Received '010C'
2026-07-14 21:27:44,004  root       handle_request  DEBUG    Handling: '010C', header '7E0', ECU '7E0'
2026-07-14 21:27:44,005  root       handle_request  DEBUG    Description: Engine RPM, PID RPM (010C)
2026-07-14 21:27:44,005  root       handle_response DEBUG    Processing: '<pos_answer>26 C0</pos_answer> <header>7EA</header><size>04</size><data>41 0C 26 C0</data>'
2026-07-14 21:27:44,005  root       handle_response DEBUG    Write: '410C26C0\r410C26C0\r\r>'
2026-07-14 21:27:44,047  root       run             DEBUG    Received '0105'
2026-07-14 21:27:44,047  root       handle_request  DEBUG    Handling: '0105', header '7E0', ECU '7E0'
2026-07-14 21:27:44,048  root       handle_request  DEBUG    Description: Engine Coolant Temperature, PID COOLANT_TEMP (0105)
2026-07-14 21:27:44,048  root       handle_response DEBUG    Processing: '<pos_answer>7B</pos_answer>'
2026-07-14 21:27:44,048  root       handle_response DEBUG    Write: '41057B\r\r>'
2026-07-14 21:27:44,090  root       run             DEBUG    Received '0111'
2026-07-14 21:27:44,090  root       handle_request  DEBUG    Handling: '0111', header '7E0', ECU '7E0'
2026-07-14 21:27:44,091  root       handle_request  DEBUG    Description: Throttle Position, PID THROTTLE_POS (0111)
2026-07-14 21:27:44,091  root       handle_response DEBUG    Processing: '<pos_answer>FF</pos_answer>'
2026-07-14 21:27:44,091  root       handle_response DEBUG    Write: '4111FF\r\r>'
2026-07-14 21:27:44,173  root       run             DEBUG    Received '010D'
2026-07-14 21:27:44,173  root       handle_request  DEBUG    Handling: '010D', header '7E0', ECU '7E0'
2026-07-14 21:27:44,174  root       handle_request  DEBUG    Description: Vehicle Speed, PID SPEED (010D)
2026-07-14 21:27:44,174  root       handle_response DEBUG    Processing: '<pos_answer>74</pos_answer> <header>7EA</header><size>03</size><data>41 0D 74</data>'
2026-07-14 21:27:44,174  root       handle_response DEBUG    Write: '410D74\r410D74\r\r>'
2026-07-14 21:27:44,220  root       run             DEBUG    Received '010C'
2026-07-14 21:27:44,220  root       handle_request  DEBUG    Handling: '010C', header '7E0', ECU '7E0'
2026-07-14 21:27:44,220  root       handle_request  DEBUG    Description: Engine RPM, PID RPM (010C)
2026-07-14 21:27:44,221  root       handle_response DEBUG    Processing: '<pos_answer>26 70</pos_answer> <header>7EA</header><size>04</size><data>41 0C 26 70</data>'
2026-07-14 21:27:44,221  root       handle_response DEBUG    Write: '410C2670\r410C2670\r\r>'
2026-07-14 21:27:44,264  root       run             DEBUG    Received '0105'
2026-07-14 21:27:44,264  root       handle_request  DEBUG    Handling: '0105', header '7E0', ECU '7E0'
2026-07-14 21:27:44,264  root       handle_request  DEBUG    Description: Engine Coolant Temperature, PID COOLANT_TEMP (0105)
2026-07-14 21:27:44,264  root       handle_response DEBUG    Processing: '<pos_answer>7B</pos_answer>'
2026-07-14 21:27:44,265  root       handle_response DEBUG    Write: '41057B\r\r>'
2026-07-14 21:27:44,306  root       run             DEBUG    Received '0111'
2026-07-14 21:27:44,306  root       handle_request  DEBUG    Handling: '0111', header '7E0', ECU '7E0'
2026-07-14 21:27:44,307  root       handle_request  DEBUG    Description: Throttle Position, PID THROTTLE_POS (0111)
2026-07-14 21:27:44,307  root       handle_response DEBUG    Processing: '<pos_answer>FF</pos_answer>'
2026-07-14 21:27:44,307  root       handle_response DEBUG    Write: '4111FF\r\r>'
2026-07-14 21:27:44,390  root       run             DEBUG    Received '010D'
2026-07-14 21:27:44,390  root       handle_request  DEBUG    Handling: '010D', header '7E0', ECU '7E0'
2026-07-14 21:27:44,390  root       handle_request  DEBUG    Description: Vehicle Speed, PID SPEED (010D)
2026-07-14 21:27:44,391  root       handle_response DEBUG    Processing: '<pos_answer>78</pos_answer> <header>7EA</header><size>03</size><data>41 0D 78</data>'
2026-07-14 21:27:44,391  root       handle_response DEBUG    Write: '410D78\r410D78\r\r>'
2026-07-14 21:27:44,433  root       run             DEBUG    Received '010C'
2026-07-14 21:27:44,433  root       handle_request  DEBUG    Handling: '010C', header '7E0', ECU '7E0'
2026-07-14 21:27:44,434  root       handle_request  DEBUG    Description: Engine RPM, PID RPM (010C)
2026-07-14 21:27:44,434  root       handle_response DEBUG    Processing: '<pos_answer>26 20</pos_answer> <header>7EA</header><size>04</size><data>41 0C 26 20</data>'
2026-07-14 21:27:44,434  root       handle_response DEBUG    Write: '410C2620\r410C2620\r\r>'
2026-07-14 21:27:44,476  root       run             DEBUG    Received '0105'
2026-07-14 21:27:44,476  root       handle_request  DEBUG    Handling: '0105', header '7E0', ECU '7E0'
2026-07-14 21:27:44,477  root       handle_request  DEBUG    Description: Engine Coolant Temperature, PID COOLANT_TEMP (0105)
2026-07-14 21:27:44,477  root       handle_response DEBUG    Processing: '<pos_answer>7B</pos_answer>'
2026-07-14 21:27:44,477  root       handle_response DEBUG    Write: '41057B\r\r>'
2026-07-14 21:27:44,520  root       run             DEBUG    Received '0111'
2026-07-14 21:27:44,520  root       handle_request  DEBUG    Handling: '0111', header '7E0', ECU '7E0'
2026-07-14 21:27:44,521  root       handle_request  DEBUG    Description: Throttle Position, PID THROTTLE_POS (0111)
2026-07-14 21:27:44,521  root       handle_response DEBUG    Processing: '<pos_answer>FF</pos_answer>'
2026-07-14 21:27:44,521  root       handle_response DEBUG    Write: '4111FF\r\r>'
2026-07-14 21:27:44,605  root       run             DEBUG    Received '010D'
2026-07-14 21:27:44,605  root       handle_request  DEBUG    Handling: '010D', header '7E0', ECU '7E0'
2026-07-14 21:27:44,605  root       handle_request  DEBUG    Description: Vehicle Speed, PID SPEED (010D)
2026-07-14 21:27:44,607  root       handle_response DEBUG    Processing: '<pos_answer>74</pos_answer> <header>7EA</header><size>03</size><data>41 0D 74</data>'
2026-07-14 21:27:44,607  root       handle_response DEBUG    Write: '410D74\r410D74\r\r>'
2026-07-14 21:27:44,648  root       run             DEBUG    Received '010C'
2026-07-14 21:27:44,648  root       handle_request  DEBUG    Handling: '010C', header '7E0', ECU '7E0'
2026-07-14 21:27:44,649  root       handle_request  DEBUG    Description: Engine RPM, PID RPM (010C)
2026-07-14 21:27:44,649  root       handle_response DEBUG    Processing: '<pos_answer>25 D0</pos_answer> <header>7EA</header><size>04</size><data>41 0C 25 D0</data>'
2026-07-14 21:27:44,650  root       handle_response DEBUG    Write: '410C25D0\r410C25D0\r\r>'
2026-07-14 21:27:44,693  root       run             DEBUG    Received '0105'
2026-07-14 21:27:44,694  root       handle_request  DEBUG    Handling: '0105', header '7E0', ECU '7E0'
2026-07-14 21:27:44,694  root       handle_request  DEBUG    Description: Engine Coolant Temperature, PID COOLANT_TEMP (0105)
2026-07-14 21:27:44,694  root       handle_response DEBUG    Processing: '<pos_answer>7B</pos_answer>'
2026-07-14 21:27:44,694  root       handle_response DEBUG    Write: '41057B\r\r>'
2026-07-14 21:27:44,736  root       run             DEBUG    Received '0111'
2026-07-14 21:27:44,736  root       handle_request  DEBUG    Handling: '0111', header '7E0', ECU '7E0'
2026-07-14 21:27:44,736  root       handle_request  DEBUG    Description: Throttle Position, PID THROTTLE_POS (0111)
2026-07-14 21:27:44,738  root       handle_response DEBUG    Processing: '<pos_answer>FF</pos_answer>'
2026-07-14 21:27:44,738  root       handle_response DEBUG    Write: '4111FF\r\r>'
2026-07-14 21:27:44,819  root       run             DEBUG    Received '010D'
2026-07-14 21:27:44,820  root       handle_request  DEBUG    Handling: '010D', header '7E0', ECU '7E0'
2026-07-14 21:27:44,820  root       handle_request  DEBUG    Description: Vehicle Speed, PID SPEED (010D)
2026-07-14 21:27:44,820  root       handle_response DEBUG    Processing: '<pos_answer>70</pos_answer> <header>7EA</header><size>03</size><data>41 0D 70</data>'
2026-07-14 21:27:44,821  root       handle_response DEBUG    Write: '410D70\r410D70\r\r>'
2026-07-14 21:27:44,864  root       run             DEBUG    Received '010C'
2026-07-14 21:27:44,864  root       handle_request  DEBUG    Handling: '010C', header '7E0', ECU '7E0'
2026-07-14 21:27:44,864  root       handle_request  DEBUG    Description: Engine RPM, PID RPM (010C)
2026-07-14 21:27:44,864  root       handle_response DEBUG    Processing: '<pos_answer>25 80</pos_answer> <header>7EA</header><size>04</size><data>41 0C 25 80</data>'
2026-07-14 21:27:44,866  root       handle_response DEBUG    Write: '410C2580\r410C2580\r\r>'
2026-07-14 21:27:44,908  root       run             DEBUG    Received '0105'
2026-07-14 21:27:44,908  root       handle_request  DEBUG    Handling: '0105', header '7E0', ECU '7E0'
2026-07-14 21:27:44,908  root       handle_request  DEBUG    Description: Engine Coolant Temperature, PID COOLANT_TEMP (0105)
2026-07-14 21:27:44,908  root       handle_response DEBUG    Processing: '<pos_answer>7B</pos_answer>'
2026-07-14 21:27:44,909  root       handle_response DEBUG    Write: '41057B\r\r>'
2026-07-14 21:27:44,952  root       run             DEBUG    Received '0111'
2026-07-14 21:27:44,952  root       handle_request  DEBUG    Handling: '0111', header '7E0', ECU '7E0'
2026-07-14 21:27:44,953  root       handle_request  DEBUG    Description: Throttle Position, PID THROTTLE_POS (0111)
2026-07-14 21:27:44,953  root       handle_response DEBUG    Processing: '<pos_answer>FF</pos_answer>'
2026-07-14 21:27:44,953  root       handle_response DEBUG    Write: '4111FF\r\r>'
2026-07-14 21:27:45,035  root       run             DEBUG    Received '010D'
2026-07-14 21:27:45,036  root       handle_request  DEBUG    Handling: '010D', header '7E0', ECU '7E0'
2026-07-14 21:27:45,036  root       handle_request  DEBUG    Description: Vehicle Speed, PID SPEED (010D)
2026-07-14 21:27:45,036  root       handle_response DEBUG    Processing: '<pos_answer>6C</pos_answer> <header>7EA</header><size>03</size><data>41 0D 6C</data>'
2026-07-14 21:27:45,036  root       handle_response DEBUG    Write: '410D6C\r410D6C\r\r>'
2026-07-14 21:27:45,078  root       run             DEBUG    Received '010C'
2026-07-14 21:27:45,078  root       handle_request  DEBUG    Handling: '010C', header '7E0', ECU '7E0'
2026-07-14 21:27:45,079  root       handle_request  DEBUG    Description: Engine RPM, PID RPM (010C)
2026-07-14 21:27:45,079  root       handle_response DEBUG    Processing: '<pos_answer>25 30</pos_answer> <header>7EA</header><size>04</size><data>41 0C 25 30</data>'
2026-07-14 21:27:45,079  root       handle_response DEBUG    Write: '410C2530\r410C2530\r\r>'
2026-07-14 21:27:45,120  root       run             DEBUG    Received '0105'
2026-07-14 21:27:45,120  root       handle_request  DEBUG    Handling: '0105', header '7E0', ECU '7E0'
2026-07-14 21:27:45,121  root       handle_request  DEBUG    Description: Engine Coolant Temperature, PID COOLANT_TEMP (0105)
2026-07-14 21:27:45,121  root       handle_response DEBUG    Processing: '<pos_answer>7B</pos_answer>'
2026-07-14 21:27:45,121  root       handle_response DEBUG    Write: '41057B\r\r>'
2026-07-14 21:27:45,163  root       run             DEBUG    Received '0111'
2026-07-14 21:27:45,164  root       handle_request  DEBUG    Handling: '0111', header '7E0', ECU '7E0'
2026-07-14 21:27:45,164  root       handle_request  DEBUG    Description: Throttle Position, PID THROTTLE_POS (0111)
2026-07-14 21:27:45,164  root       handle_response DEBUG    Processing: '<pos_answer>FF</pos_answer>'
2026-07-14 21:27:45,164  root       handle_response DEBUG    Write: '4111FF\r\r>'
2026-07-14 21:27:45,247  root       run             DEBUG    Received '010D'
2026-07-14 21:27:45,247  root       handle_request  DEBUG    Handling: '010D', header '7E0', ECU '7E0'
2026-07-14 21:27:45,247  root       handle_request  DEBUG    Description: Vehicle Speed, PID SPEED (010D)
2026-07-14 21:27:45,247  root       handle_response DEBUG    Processing: '<pos_answer>68</pos_answer> <header>7EA</header><size>03</size><data>41 0D 68</data>'
2026-07-14 21:27:45,248  root       handle_response DEBUG    Write: '410D68\r410D68\r\r>'
2026-07-14 21:27:45,291  root       run             DEBUG    Received '010C'
2026-07-14 21:27:45,292  root       handle_request  DEBUG    Handling: '010C', header '7E0', ECU '7E0'
2026-07-14 21:27:45,292  root       handle_request  DEBUG    Description: Engine RPM, PID RPM (010C)
2026-07-14 21:27:45,292  root       handle_response DEBUG    Processing: '<pos_answer>24 E0</pos_answer> <header>7EA</header><size>04</size><data>41 0C 24 E0</data>'
2026-07-14 21:27:45,292  root       handle_response DEBUG    Write: '410C24E0\r410C24E0\r\r>'
2026-07-14 21:27:45,333  root       run             DEBUG    Received '0105'
2026-07-14 21:27:45,333  root       handle_request  DEBUG    Handling: '0105', header '7E0', ECU '7E0'
2026-07-14 21:27:45,334  root       handle_request  DEBUG    Description: Engine Coolant Temperature, PID COOLANT_TEMP (0105)
2026-07-14 21:27:45,334  root       handle_response DEBUG    Processing: '<pos_answer>7B</pos_answer>'
2026-07-14 21:27:45,334  root       handle_response DEBUG    Write: '41057B\r\r>'
2026-07-14 21:27:45,376  root       run             DEBUG    Received '0111'
2026-07-14 21:27:45,377  root       handle_request  DEBUG    Handling: '0111', header '7E0', ECU '7E0'
2026-07-14 21:27:45,377  root       handle_request  DEBUG    Description: Throttle Position, PID THROTTLE_POS (0111)
2026-07-14 21:27:45,377  root       handle_response DEBUG    Processing: '<pos_answer>FF</pos_answer>'
2026-07-14 21:27:45,377  root       handle_response DEBUG    Write: '4111FF\r\r>'
2026-07-14 21:27:45,459  root       run             DEBUG    Received '010D'
2026-07-14 21:27:45,459  root       handle_request  DEBUG    Handling: '010D', header '7E0', ECU '7E0'
2026-07-14 21:27:45,460  root       handle_request  DEBUG    Description: Vehicle Speed, PID SPEED (010D)
2026-07-14 21:27:45,460  root       handle_response DEBUG    Processing: '<pos_answer>64</pos_answer> <header>7EA</header><size>03</size><data>41 0D 64</data>'
2026-07-14 21:27:45,460  root       handle_response DEBUG    Write: '410D64\r410D64\r\r>'
2026-07-14 21:27:45,502  root       run             DEBUG    Received '010C'
2026-07-14 21:27:45,503  root       handle_request  DEBUG    Handling: '010C', header '7E0', ECU '7E0'
2026-07-14 21:27:45,503  root       handle_request  DEBUG    Description: Engine RPM, PID RPM (010C)
2026-07-14 21:27:45,503  root       handle_response DEBUG    Processing: '<pos_answer>24 90</pos_answer> <header>7EA</header><size>04</size><data>41 0C 24 90</data>'
2026-07-14 21:27:45,503  root       handle_response DEBUG    Write: '410C2490\r410C2490\r\r>'
2026-07-14 21:27:45,545  root       run             DEBUG    Received '0105'
2026-07-14 21:27:45,546  root       handle_request  DEBUG    Handling: '0105', header '7E0', ECU '7E0'
2026-07-14 21:27:45,546  root       handle_request  DEBUG    Description: Engine Coolant Temperature, PID COOLANT_TEMP (0105)
2026-07-14 21:27:45,546  root       handle_response DEBUG    Processing: '<pos_answer>7B</pos_answer>'
2026-07-14 21:27:45,546  root       handle_response DEBUG    Write: '41057B\r\r>'
2026-07-14 21:27:45,588  root       run             DEBUG    Received '0111'
2026-07-14 21:27:45,589  root       handle_request  DEBUG    Handling: '0111', header '7E0', ECU '7E0'
2026-07-14 21:27:45,589  root       handle_request  DEBUG    Description: Throttle Position, PID THROTTLE_POS (0111)
2026-07-14 21:27:45,589  root       handle_response DEBUG    Processing: '<pos_answer>FF</pos_answer>'
2026-07-14 21:27:45,589  root       handle_response DEBUG    Write: '4111FF\r\r>'
2026-07-14 21:27:45,672  root       run             DEBUG    Received '010D'
2026-07-14 21:27:45,672  root       handle_request  DEBUG    Handling: '010D', header '7E0', ECU '7E0'
2026-07-14 21:27:45,672  root       handle_request  DEBUG    Description: Vehicle Speed, PID SPEED (010D)
2026-07-14 21:27:45,672  root       handle_response DEBUG    Processing: '<pos_answer>60</pos_answer> <header>7EA</header><size>03</size><data>41 0D 60</data>'
2026-07-14 21:27:45,673  root       handle_response DEBUG    Write: '410D60\r410D60\r\r>'
2026-07-14 21:27:45,715  root       run             DEBUG    Received '010C'
2026-07-14 21:27:45,715  root       handle_request  DEBUG    Handling: '010C', header '7E0', ECU '7E0'
2026-07-14 21:27:45,715  root       handle_request  DEBUG    Description: Engine RPM, PID RPM (010C)
2026-07-14 21:27:45,717  root       handle_response DEBUG    Processing: '<pos_answer>24 40</pos_answer> <header>7EA</header><size>04</size><data>41 0C 24 40</data>'
2026-07-14 21:27:45,717  root       handle_response DEBUG    Write: '410C2440\r410C2440\r\r>'
2026-07-14 21:27:45,758  root       run             DEBUG    Received '0105'
2026-07-14 21:27:45,758  root       handle_request  DEBUG    Handling: '0105', header '7E0', ECU '7E0'
2026-07-14 21:27:45,759  root       handle_request  DEBUG    Description: Engine Coolant Temperature, PID COOLANT_TEMP (0105)
2026-07-14 21:27:45,759  root       handle_response DEBUG    Processing: '<pos_answer>7B</pos_answer>'
2026-07-14 21:27:45,759  root       handle_response DEBUG    Write: '41057B\r\r>'
2026-07-14 21:27:45,801  root       run             DEBUG    Received '015E'
2026-07-14 21:27:45,801  root       handle_request  DEBUG    Handling: '015E', header '7E0', ECU '7E0'
2026-07-14 21:27:45,802  root       handle_request  INFO     Unknown request: '015E', header=7E0
2026-07-14 21:27:45,802  root       handle_response DEBUG    Processing: '<writeln>NO DATA</writeln>'
2026-07-14 21:27:45,802  root       handle_response DEBUG    Write: 'NO DATA\r\r>'
2026-07-14 21:27:45,803  root       run             DEBUG    Received '0110'
2026-07-14 21:27:45,803  root       handle_request  DEBUG    Handling: '0110', header '7E0', ECU '7E0'
2026-07-14 21:27:45,804  root       handle_request  DEBUG    Description: Air Flow Rate (MAF), PID MAF (0110)
2026-07-14 21:27:45,804  root       handle_response DEBUG    Processing: '<pos_answer>05 1F</pos_answer>'
2026-07-14 21:27:45,805  root       handle_response DEBUG    Write: '4110051F\r\r>'
2026-07-14 21:27:45,806  root       run             DEBUG    Received '0151'
2026-07-14 21:27:45,806  root       handle_request  DEBUG    Handling: '0151', header '7E0', ECU '7E0'
2026-07-14 21:27:45,806  root       handle_request  DEBUG    Description: Fuel Type, PID FUEL_TYPE (0151)
2026-07-14 21:27:45,806  root       handle_response DEBUG    Processing: '<pos_answer>01</pos_answer>'
2026-07-14 21:27:45,806  root       handle_response DEBUG    Write: '415101\r\r>'
2026-07-14 21:27:45,850  root       run             DEBUG    Received '0104'
2026-07-14 21:27:45,850  root       handle_request  DEBUG    Handling: '0104', header '7E0', ECU '7E0'
2026-07-14 21:27:45,851  root       handle_request  DEBUG    Description: Calculated Engine Load, PID ENGINE_LOAD (0104)
2026-07-14 21:27:45,851  root       handle_response DEBUG    Processing: '<pos_answer>00</pos_answer>'
2026-07-14 21:27:45,851  root       handle_response DEBUG    Write: '410400\r\r>'
2026-07-14 21:27:45,893  root       run             DEBUG    Received '010F'
2026-07-14 21:27:45,893  root       handle_request  DEBUG    Handling: '010F', header '7E0', ECU '7E0'
2026-07-14 21:27:45,894  root       handle_request  DEBUG    Description: Intake Air Temp, PID INTAKE_TEMP (010F)
2026-07-14 21:27:45,894  root       handle_response DEBUG    Processing: '<pos_answer>44</pos_answer>'
2026-07-14 21:27:45,895  root       handle_response DEBUG    Write: '410F44\r\r>'
2026-07-14 21:27:45,939  root       run             DEBUG    Received '0111'
2026-07-14 21:27:45,940  root       handle_request  DEBUG    Handling: '0111', header '7E0', ECU '7E0'
2026-07-14 21:27:45,940  root       handle_request  DEBUG    Description: Throttle Position, PID THROTTLE_POS (0111)
2026-07-14 21:27:45,940  root       handle_response DEBUG    Processing: '<pos_answer>FF</pos_answer>'
2026-07-14 21:27:45,941  root       handle_response DEBUG    Write: '4111FF\r\r>'
2026-07-14 21:27:46,023  root       run             DEBUG    Received '010D'
2026-07-14 21:27:46,023  root       handle_request  DEBUG    Handling: '010D', header '7E0', ECU '7E0'
2026-07-14 21:27:46,023  root       handle_request  DEBUG    Description: Vehicle Speed, PID SPEED (010D)
2026-07-14 21:27:46,025  root       handle_response DEBUG    Processing: '<pos_answer>5C</pos_answer> <header>7EA</header><size>03</size><data>41 0D 5C</data>'
2026-07-14 21:27:46,025  root       handle_response DEBUG    Write: '410D5C\r410D5C\r\r>'
2026-07-14 21:27:46,066  root       run             DEBUG    Received '010C'
2026-07-14 21:27:46,067  root       handle_request  DEBUG    Handling: '010C', header '7E0', ECU '7E0'
2026-07-14 21:27:46,067  root       handle_request  DEBUG    Description: Engine RPM, PID RPM (010C)
2026-07-14 21:27:46,067  root       handle_response DEBUG    Processing: '<pos_answer>23 F0</pos_answer> <header>7EA</header><size>04</size><data>41 0C 23 F0</data>'
2026-07-14 21:27:46,067  root       handle_response DEBUG    Write: '410C23F0\r410C23F0\r\r>'
2026-07-14 21:27:46,109  root       run             DEBUG    Received '0105'
2026-07-14 21:27:46,110  root       handle_request  DEBUG    Handling: '0105', header '7E0', ECU '7E0'
2026-07-14 21:27:46,110  root       handle_request  DEBUG    Description: Engine Coolant Temperature, PID COOLANT_TEMP (0105)
2026-07-14 21:27:46,110  root       handle_response DEBUG    Processing: '<pos_answer>7B</pos_answer>'
2026-07-14 21:27:46,111  root       handle_response DEBUG    Write: '41057B\r\r>'
2026-07-14 21:27:46,152  root       run             DEBUG    Received '0111'
2026-07-14 21:27:46,153  root       handle_request  DEBUG    Handling: '0111', header '7E0', ECU '7E0'
2026-07-14 21:27:46,153  root       handle_request  DEBUG    Description: Throttle Position, PID THROTTLE_POS (0111)
2026-07-14 21:27:46,153  root       handle_response DEBUG    Processing: '<pos_answer>FF</pos_answer>'
2026-07-14 21:27:46,153  root       handle_response DEBUG    Write: '4111FF\r\r>'
2026-07-14 21:27:46,236  root       run             DEBUG    Received '010D'
2026-07-14 21:27:46,237  root       handle_request  DEBUG    Handling: '010D', header '7E0', ECU '7E0'
2026-07-14 21:27:46,237  root       handle_request  DEBUG    Description: Vehicle Speed, PID SPEED (010D)
2026-07-14 21:27:46,237  root       handle_response DEBUG    Processing: '<pos_answer>58</pos_answer> <header>7EA</header><size>03</size><data>41 0D 58</data>'
2026-07-14 21:27:46,237  root       handle_response DEBUG    Write: '410D58\r410D58\r\r>'
2026-07-14 21:27:46,281  root       run             DEBUG    Received '010C'
2026-07-14 21:27:46,282  root       handle_request  DEBUG    Handling: '010C', header '7E0', ECU '7E0'
2026-07-14 21:27:46,282  root       handle_request  DEBUG    Description: Engine RPM, PID RPM (010C)
2026-07-14 21:27:46,282  root       handle_response DEBUG    Processing: '<pos_answer>23 A0</pos_answer> <header>7EA</header><size>04</size><data>41 0C 23 A0</data>'
2026-07-14 21:27:46,282  root       handle_response DEBUG    Write: '410C23A0\r410C23A0\r\r>'
2026-07-14 21:27:46,324  root       run             DEBUG    Received '0105'
2026-07-14 21:27:46,325  root       handle_request  DEBUG    Handling: '0105', header '7E0', ECU '7E0'
2026-07-14 21:27:46,325  root       handle_request  DEBUG    Description: Engine Coolant Temperature, PID COOLANT_TEMP (0105)
2026-07-14 21:27:46,325  root       handle_response DEBUG    Processing: '<pos_answer>7B</pos_answer>'
2026-07-14 21:27:46,325  root       handle_response DEBUG    Write: '41057B\r\r>'
2026-07-14 21:27:46,368  root       run             DEBUG    Received '0111'
2026-07-14 21:27:46,368  root       handle_request  DEBUG    Handling: '0111', header '7E0', ECU '7E0'
2026-07-14 21:27:46,369  root       handle_request  DEBUG    Description: Throttle Position, PID THROTTLE_POS (0111)
2026-07-14 21:27:46,369  root       handle_response DEBUG    Processing: '<pos_answer>FF</pos_answer>'
2026-07-14 21:27:46,369  root       handle_response DEBUG    Write: '4111FF\r\r>'
2026-07-14 21:27:46,452  root       run             DEBUG    Received '010D'
2026-07-14 21:27:46,453  root       handle_request  DEBUG    Handling: '010D', header '7E0', ECU '7E0'
2026-07-14 21:27:46,453  root       handle_request  DEBUG    Description: Vehicle Speed, PID SPEED (010D)
2026-07-14 21:27:46,453  root       handle_response DEBUG    Processing: '<pos_answer>54</pos_answer> <header>7EA</header><size>03</size><data>41 0D 54</data>'
2026-07-14 21:27:46,453  root       handle_response DEBUG    Write: '410D54\r410D54\r\r>'
2026-07-14 21:27:46,494  root       run             DEBUG    Received '010C'
2026-07-14 21:27:46,495  root       handle_request  DEBUG    Handling: '010C', header '7E0', ECU '7E0'
2026-07-14 21:27:46,495  root       handle_request  DEBUG    Description: Engine RPM, PID RPM (010C)
2026-07-14 21:27:46,495  root       handle_response DEBUG    Processing: '<pos_answer>23 50</pos_answer> <header>7EA</header><size>04</size><data>41 0C 23 50</data>'
2026-07-14 21:27:46,495  root       handle_response DEBUG    Write: '410C2350\r410C2350\r\r>'
2026-07-14 21:27:46,537  root       run             DEBUG    Received '0105'
2026-07-14 21:27:46,537  root       handle_request  DEBUG    Handling: '0105', header '7E0', ECU '7E0'
2026-07-14 21:27:46,538  root       handle_request  DEBUG    Description: Engine Coolant Temperature, PID COOLANT_TEMP (0105)
2026-07-14 21:27:46,538  root       handle_response DEBUG    Processing: '<pos_answer>7B</pos_answer>'
2026-07-14 21:27:46,538  root       handle_response DEBUG    Write: '41057B\r\r>'
2026-07-14 21:27:46,580  root       run             DEBUG    Received '0111'
2026-07-14 21:27:46,581  root       handle_request  DEBUG    Handling: '0111', header '7E0', ECU '7E0'
2026-07-14 21:27:46,581  root       handle_request  DEBUG    Description: Throttle Position, PID THROTTLE_POS (0111)
2026-07-14 21:27:46,581  root       handle_response DEBUG    Processing: '<pos_answer>FF</pos_answer>'
2026-07-14 21:27:46,582  root       handle_response DEBUG    Write: '4111FF\r\r>'
2026-07-14 21:27:46,663  root       run             DEBUG    Received '010D'
2026-07-14 21:27:46,664  root       handle_request  DEBUG    Handling: '010D', header '7E0', ECU '7E0'
2026-07-14 21:27:46,664  root       handle_request  DEBUG    Description: Vehicle Speed, PID SPEED (010D)
2026-07-14 21:27:46,664  root       handle_response DEBUG    Processing: '<pos_answer>50</pos_answer> <header>7EA</header><size>03</size><data>41 0D 50</data>'
2026-07-14 21:27:46,664  root       handle_response DEBUG    Write: '410D50\r410D50\r\r>'
2026-07-14 21:27:46,706  root       run             DEBUG    Received '010C'
2026-07-14 21:27:46,706  root       handle_request  DEBUG    Handling: '010C', header '7E0', ECU '7E0'
2026-07-14 21:27:46,707  root       handle_request  DEBUG    Description: Engine RPM, PID RPM (010C)
2026-07-14 21:27:46,707  root       handle_response DEBUG    Processing: '<pos_answer>23 00</pos_answer> <header>7EA</header><size>04</size><data>41 0C 23 00</data>'
2026-07-14 21:27:46,707  root       handle_response DEBUG    Write: '410C2300\r410C2300\r\r>'
2026-07-14 21:27:46,749  root       run             DEBUG    Received '0105'
2026-07-14 21:27:46,749  root       handle_request  DEBUG    Handling: '0105', header '7E0', ECU '7E0'
2026-07-14 21:27:46,749  root       handle_request  DEBUG    Description: Engine Coolant Temperature, PID COOLANT_TEMP (0105)
2026-07-14 21:27:46,750  root       handle_response DEBUG    Processing: '<pos_answer>7B</pos_answer>'
2026-07-14 21:27:46,750  root       handle_response DEBUG    Write: '41057B\r\r>'
2026-07-14 21:27:46,791  root       run             DEBUG    Received '0111'
2026-07-14 21:27:46,791  root       handle_request  DEBUG    Handling: '0111', header '7E0', ECU '7E0'
2026-07-14 21:27:46,791  root       handle_request  DEBUG    Description: Throttle Position, PID THROTTLE_POS (0111)
2026-07-14 21:27:46,793  root       handle_response DEBUG    Processing: '<pos_answer>FF</pos_answer>'
2026-07-14 21:27:46,793  root       handle_response DEBUG    Write: '4111FF\r\r>'
2026-07-14 21:27:46,874  root       run             DEBUG    Received '010D'
2026-07-14 21:27:46,875  root       handle_request  DEBUG    Handling: '010D', header '7E0', ECU '7E0'
2026-07-14 21:27:46,875  root       handle_request  DEBUG    Description: Vehicle Speed, PID SPEED (010D)
2026-07-14 21:27:46,875  root       handle_response DEBUG    Processing: '<pos_answer>4C</pos_answer> <header>7EA</header><size>03</size><data>41 0D 4C</data>'
2026-07-14 21:27:46,875  root       handle_response DEBUG    Write: '410D4C\r410D4C\r\r>'
2026-07-14 21:27:46,918  root       run             DEBUG    Received '010C'
2026-07-14 21:27:46,918  root       handle_request  DEBUG    Handling: '010C', header '7E0', ECU '7E0'
2026-07-14 21:27:46,918  root       handle_request  DEBUG    Description: Engine RPM, PID RPM (010C)
2026-07-14 21:27:46,918  root       handle_response DEBUG    Processing: '<pos_answer>22 B0</pos_answer> <header>7EA</header><size>04</size><data>41 0C 22 B0</data>'
2026-07-14 21:27:46,919  root       handle_response DEBUG    Write: '410C22B0\r410C22B0\r\r>'
2026-07-14 21:27:46,961  root       run             DEBUG    Received '0105'
2026-07-14 21:27:46,961  root       handle_request  DEBUG    Handling: '0105', header '7E0', ECU '7E0'
2026-07-14 21:27:46,962  root       handle_request  DEBUG    Description: Engine Coolant Temperature, PID COOLANT_TEMP (0105)
2026-07-14 21:27:46,962  root       handle_response DEBUG    Processing: '<pos_answer>7B</pos_answer>'
2026-07-14 21:27:46,962  root       handle_response DEBUG    Write: '41057B\r\r>'
2026-07-14 21:27:47,006  root       run             DEBUG    Received '0111'
2026-07-14 21:27:47,006  root       handle_request  DEBUG    Handling: '0111', header '7E0', ECU '7E0'
2026-07-14 21:27:47,006  root       handle_request  DEBUG    Description: Throttle Position, PID THROTTLE_POS (0111)
2026-07-14 21:27:47,006  root       handle_response DEBUG    Processing: '<pos_answer>FF</pos_answer>'
2026-07-14 21:27:47,007  root       handle_response DEBUG    Write: '4111FF\r\r>'
2026-07-14 21:27:47,090  root       run             DEBUG    Received '010D'
2026-07-14 21:27:47,090  root       handle_request  DEBUG    Handling: '010D', header '7E0', ECU '7E0'
2026-07-14 21:27:47,092  root       handle_request  DEBUG    Description: Vehicle Speed, PID SPEED (010D)
2026-07-14 21:27:47,092  root       handle_response DEBUG    Processing: '<pos_answer>48</pos_answer> <header>7EA</header><size>03</size><data>41 0D 48</data>'
2026-07-14 21:27:47,092  root       handle_response DEBUG    Write: '410D48\r410D48\r\r>'
2026-07-14 21:27:47,134  root       run             DEBUG    Received '010C'
2026-07-14 21:27:47,134  root       handle_request  DEBUG    Handling: '010C', header '7E0', ECU '7E0'
2026-07-14 21:27:47,135  root       handle_request  DEBUG    Description: Engine RPM, PID RPM (010C)
2026-07-14 21:27:47,135  root       handle_response DEBUG    Processing: '<pos_answer>22 60</pos_answer> <header>7EA</header><size>04</size><data>41 0C 22 60</data>'
2026-07-14 21:27:47,135  root       handle_response DEBUG    Write: '410C2260\r410C2260\r\r>'
2026-07-14 21:27:47,179  root       run             DEBUG    Received '0105'
2026-07-14 21:27:47,180  root       handle_request  DEBUG    Handling: '0105', header '7E0', ECU '7E0'
2026-07-14 21:27:47,181  root       handle_request  DEBUG    Description: Engine Coolant Temperature, PID COOLANT_TEMP (0105)
2026-07-14 21:27:47,181  root       handle_response DEBUG    Processing: '<pos_answer>7B</pos_answer>'
2026-07-14 21:27:47,181  root       handle_response DEBUG    Write: '41057B\r\r>'
2026-07-14 21:27:47,222  root       run             DEBUG    Received '0111'
2026-07-14 21:27:47,224  root       handle_request  DEBUG    Handling: '0111', header '7E0', ECU '7E0'
2026-07-14 21:27:47,224  root       handle_request  DEBUG    Description: Throttle Position, PID THROTTLE_POS (0111)
2026-07-14 21:27:47,224  root       handle_response DEBUG    Processing: '<pos_answer>FF</pos_answer>'
2026-07-14 21:27:47,224  root       handle_response DEBUG    Write: '4111FF\r\r>'
2026-07-14 21:27:47,306  root       run             DEBUG    Received '010D'
2026-07-14 21:27:47,307  root       handle_request  DEBUG    Handling: '010D', header '7E0', ECU '7E0'
2026-07-14 21:27:47,307  root       handle_request  DEBUG    Description: Vehicle Speed, PID SPEED (010D)
2026-07-14 21:27:47,307  root       handle_response DEBUG    Processing: '<pos_answer>44</pos_answer> <header>7EA</header><size>03</size><data>41 0D 44</data>'
2026-07-14 21:27:47,307  root       handle_response DEBUG    Write: '410D44\r410D44\r\r>'
2026-07-14 21:27:47,349  root       run             DEBUG    Received '010C'
2026-07-14 21:27:47,350  root       handle_request  DEBUG    Handling: '010C', header '7E0', ECU '7E0'
2026-07-14 21:27:47,350  root       handle_request  DEBUG    Description: Engine RPM, PID RPM (010C)
2026-07-14 21:27:47,351  root       handle_response DEBUG    Processing: '<pos_answer>22 10</pos_answer> <header>7EA</header><size>04</size><data>41 0C 22 10</data>'
2026-07-14 21:27:47,351  root       handle_response DEBUG    Write: '410C2210\r410C2210\r\r>'
2026-07-14 21:27:47,393  root       run             DEBUG    Received '0105'
2026-07-14 21:27:47,393  root       handle_request  DEBUG    Handling: '0105', header '7E0', ECU '7E0'
2026-07-14 21:27:47,393  root       handle_request  DEBUG    Description: Engine Coolant Temperature, PID COOLANT_TEMP (0105)
2026-07-14 21:27:47,393  root       handle_response DEBUG    Processing: '<pos_answer>7B</pos_answer>'
2026-07-14 21:27:47,394  root       handle_response DEBUG    Write: '41057B\r\r>'
2026-07-14 21:27:47,437  root       run             DEBUG    Received '0111'
2026-07-14 21:27:47,437  root       handle_request  DEBUG    Handling: '0111', header '7E0', ECU '7E0'
2026-07-14 21:27:47,438  root       handle_request  DEBUG    Description: Throttle Position, PID THROTTLE_POS (0111)
2026-07-14 21:27:47,438  root       handle_response DEBUG    Processing: '<pos_answer>FF</pos_answer>'
2026-07-14 21:27:47,438  root       handle_response DEBUG    Write: '4111FF\r\r>'
2026-07-14 21:27:47,519  root       run             DEBUG    Received '010D'
2026-07-14 21:27:47,520  root       handle_request  DEBUG    Handling: '010D', header '7E0', ECU '7E0'
2026-07-14 21:27:47,520  root       handle_request  DEBUG    Description: Vehicle Speed, PID SPEED (010D)
2026-07-14 21:27:47,520  root       handle_response DEBUG    Processing: '<pos_answer>40</pos_answer> <header>7EA</header><size>03</size><data>41 0D 40</data>'
2026-07-14 21:27:47,520  root       handle_response DEBUG    Write: '410D40\r410D40\r\r>'
2026-07-14 21:27:47,562  root       run             DEBUG    Received '010C'
2026-07-14 21:27:47,563  root       handle_request  DEBUG    Handling: '010C', header '7E0', ECU '7E0'
2026-07-14 21:27:47,563  root       handle_request  DEBUG    Description: Engine RPM, PID RPM (010C)
2026-07-14 21:27:47,563  root       handle_response DEBUG    Processing: '<pos_answer>21 C0</pos_answer> <header>7EA</header><size>04</size><data>41 0C 21 C0</data>'
2026-07-14 21:27:47,564  root       handle_response DEBUG    Write: '410C21C0\r410C21C0\r\r>'
2026-07-14 21:27:47,605  root       run             DEBUG    Received '0105'
2026-07-14 21:27:47,605  root       handle_request  DEBUG    Handling: '0105', header '7E0', ECU '7E0'
2026-07-14 21:27:47,605  root       handle_request  DEBUG    Description: Engine Coolant Temperature, PID COOLANT_TEMP (0105)
2026-07-14 21:27:47,605  root       handle_response DEBUG    Processing: '<pos_answer>7B</pos_answer>'
2026-07-14 21:27:47,606  root       handle_response DEBUG    Write: '41057B\r\r>'
2026-07-14 21:27:47,648  root       run             DEBUG    Received '0111'
2026-07-14 21:27:47,648  root       handle_request  DEBUG    Handling: '0111', header '7E0', ECU '7E0'
2026-07-14 21:27:47,648  root       handle_request  DEBUG    Description: Throttle Position, PID THROTTLE_POS (0111)
2026-07-14 21:27:47,648  root       handle_response DEBUG    Processing: '<pos_answer>FF</pos_answer>'
2026-07-14 21:27:47,649  root       handle_response DEBUG    Write: '4111FF\r\r>'
2026-07-14 21:27:47,731  root       run             DEBUG    Received '010D'
2026-07-14 21:27:47,732  root       handle_request  DEBUG    Handling: '010D', header '7E0', ECU '7E0'
2026-07-14 21:27:47,732  root       handle_request  DEBUG    Description: Vehicle Speed, PID SPEED (010D)
2026-07-14 21:27:47,732  root       handle_response DEBUG    Processing: '<pos_answer>3C</pos_answer> <header>7EA</header><size>03</size><data>41 0D 3C</data>'
2026-07-14 21:27:47,732  root       handle_response DEBUG    Write: '410D3C\r410D3C\r\r>'
2026-07-14 21:27:47,774  root       run             DEBUG    Received '010C'
2026-07-14 21:27:47,775  root       handle_request  DEBUG    Handling: '010C', header '7E0', ECU '7E0'
2026-07-14 21:27:47,775  root       handle_request  DEBUG    Description: Engine RPM, PID RPM (010C)
2026-07-14 21:27:47,775  root       handle_response DEBUG    Processing: '<pos_answer>21 70</pos_answer> <header>7EA</header><size>04</size><data>41 0C 21 70</data>'
2026-07-14 21:27:47,775  root       handle_response DEBUG    Write: '410C2170\r410C2170\r\r>'
2026-07-14 21:27:47,818  root       run             DEBUG    Received '0105'
2026-07-14 21:27:47,818  root       handle_request  DEBUG    Handling: '0105', header '7E0', ECU '7E0'
2026-07-14 21:27:47,818  root       handle_request  DEBUG    Description: Engine Coolant Temperature, PID COOLANT_TEMP (0105)
2026-07-14 21:27:47,818  root       handle_response DEBUG    Processing: '<pos_answer>7B</pos_answer>'
2026-07-14 21:27:47,819  root       handle_response DEBUG    Write: '41057B\r\r>'
2026-07-14 21:27:47,860  root       run             DEBUG    Received '0111'
2026-07-14 21:27:47,860  root       handle_request  DEBUG    Handling: '0111', header '7E0', ECU '7E0'
2026-07-14 21:27:47,860  root       handle_request  DEBUG    Description: Throttle Position, PID THROTTLE_POS (0111)
2026-07-14 21:27:47,860  root       handle_response DEBUG    Processing: '<pos_answer>FF</pos_answer>'
2026-07-14 21:27:47,862  root       handle_response DEBUG    Write: '4111FF\r\r>'
2026-07-14 21:27:47,943  root       run             DEBUG    Received '010D'
2026-07-14 21:27:47,944  root       handle_request  DEBUG    Handling: '010D', header '7E0', ECU '7E0'
2026-07-14 21:27:47,944  root       handle_request  DEBUG    Description: Vehicle Speed, PID SPEED (010D)
2026-07-14 21:27:47,944  root       handle_response DEBUG    Processing: '<pos_answer>38</pos_answer> <header>7EA</header><size>03</size><data>41 0D 38</data>'
2026-07-14 21:27:47,945  root       handle_response DEBUG    Write: '410D38\r410D38\r\r>'
2026-07-14 21:27:47,988  root       run             DEBUG    Received '010C'
2026-07-14 21:27:47,989  root       handle_request  DEBUG    Handling: '010C', header '7E0', ECU '7E0'
2026-07-14 21:27:47,989  root       handle_request  DEBUG    Description: Engine RPM, PID RPM (010C)
2026-07-14 21:27:47,989  root       handle_response DEBUG    Processing: '<pos_answer>21 20</pos_answer> <header>7EA</header><size>04</size><data>41 0C 21 20</data>'
2026-07-14 21:27:47,989  root       handle_response DEBUG    Write: '410C2120\r410C2120\r\r>'
2026-07-14 21:27:48,040  root       run             DEBUG    Received '0105'
2026-07-14 21:27:48,040  root       handle_request  DEBUG    Handling: '0105', header '7E0', ECU '7E0'
2026-07-14 21:27:48,040  root       handle_request  DEBUG    Description: Engine Coolant Temperature, PID COOLANT_TEMP (0105)
2026-07-14 21:27:48,041  root       handle_response DEBUG    Processing: '<pos_answer>7B</pos_answer>'
2026-07-14 21:27:48,041  root       handle_response DEBUG    Write: '41057B\r\r>'
2026-07-14 21:27:48,082  root       run             DEBUG    Received '015E'
2026-07-14 21:27:48,082  root       handle_request  DEBUG    Handling: '015E', header '7E0', ECU '7E0'
2026-07-14 21:27:48,083  root       handle_request  INFO     Unknown request: '015E', header=7E0
2026-07-14 21:27:48,083  root       handle_response DEBUG    Processing: '<writeln>NO DATA</writeln>'
2026-07-14 21:27:48,083  root       handle_response DEBUG    Write: 'NO DATA\r\r>'
2026-07-14 21:27:48,085  root       run             DEBUG    Received '0110'
2026-07-14 21:27:48,085  root       handle_request  DEBUG    Handling: '0110', header '7E0', ECU '7E0'
2026-07-14 21:27:48,086  root       handle_request  DEBUG    Description: Air Flow Rate (MAF), PID MAF (0110)
2026-07-14 21:27:48,086  root       handle_response DEBUG    Processing: '<pos_answer>05 1F</pos_answer>'
2026-07-14 21:27:48,086  root       handle_response DEBUG    Write: '4110051F\r\r>'
2026-07-14 21:27:48,087  root       run             DEBUG    Received '0151'
2026-07-14 21:27:48,087  root       handle_request  DEBUG    Handling: '0151', header '7E0', ECU '7E0'
2026-07-14 21:27:48,087  root       handle_request  DEBUG    Description: Fuel Type, PID FUEL_TYPE (0151)
2026-07-14 21:27:48,087  root       handle_response DEBUG    Processing: '<pos_answer>01</pos_answer>'
2026-07-14 21:27:48,088  root       handle_response DEBUG    Write: '415101\r\r>'
2026-07-14 21:27:48,131  root       run             DEBUG    Received '0104'
2026-07-14 21:27:48,132  root       handle_request  DEBUG    Handling: '0104', header '7E0', ECU '7E0'
2026-07-14 21:27:48,132  root       handle_request  DEBUG    Description: Calculated Engine Load, PID ENGINE_LOAD (0104)
2026-07-14 21:27:48,132  root       handle_response DEBUG    Processing: '<pos_answer>00</pos_answer>'
2026-07-14 21:27:48,132  root       handle_response DEBUG    Write: '410400\r\r>'
2026-07-14 21:27:48,173  root       run             DEBUG    Received '010F'
2026-07-14 21:27:48,173  root       handle_request  DEBUG    Handling: '010F', header '7E0', ECU '7E0'
2026-07-14 21:27:48,175  root       handle_request  DEBUG    Description: Intake Air Temp, PID INTAKE_TEMP (010F)
2026-07-14 21:27:48,175  root       handle_response DEBUG    Processing: '<pos_answer>44</pos_answer>'
2026-07-14 21:27:48,175  root       handle_response DEBUG    Write: '410F44\r\r>'
2026-07-14 21:27:48,216  root       run             DEBUG    Received '0111'
2026-07-14 21:27:48,217  root       handle_request  DEBUG    Handling: '0111', header '7E0', ECU '7E0'
2026-07-14 21:27:48,217  root       handle_request  DEBUG    Description: Throttle Position, PID THROTTLE_POS (0111)
2026-07-14 21:27:48,217  root       handle_response DEBUG    Processing: '<pos_answer>FF</pos_answer>'
2026-07-14 21:27:48,217  root       handle_response DEBUG    Write: '4111FF\r\r>'
2026-07-14 21:27:48,299  root       run             DEBUG    Received '010D'
2026-07-14 21:27:48,299  root       handle_request  DEBUG    Handling: '010D', header '7E0', ECU '7E0'
2026-07-14 21:27:48,301  root       handle_request  DEBUG    Description: Vehicle Speed, PID SPEED (010D)
2026-07-14 21:27:48,301  root       handle_response DEBUG    Processing: '<pos_answer>34</pos_answer> <header>7EA</header><size>03</size><data>41 0D 34</data>'
2026-07-14 21:27:48,301  root       handle_response DEBUG    Write: '410D34\r410D34\r\r>'
2026-07-14 21:27:48,342  root       run             DEBUG    Received '010C'
2026-07-14 21:27:48,342  root       handle_request  DEBUG    Handling: '010C', header '7E0', ECU '7E0'
2026-07-14 21:27:48,343  root       handle_request  DEBUG    Description: Engine RPM, PID RPM (010C)
2026-07-14 21:27:48,343  root       handle_response DEBUG    Processing: '<pos_answer>20 D0</pos_answer> <header>7EA</header><size>04</size><data>41 0C 20 D0</data>'
2026-07-14 21:27:48,343  root       handle_response DEBUG    Write: '410C20D0\r410C20D0\r\r>'
2026-07-14 21:27:48,385  root       run             DEBUG    Received '0105'
2026-07-14 21:27:48,385  root       handle_request  DEBUG    Handling: '0105', header '7E0', ECU '7E0'
2026-07-14 21:27:48,386  root       handle_request  DEBUG    Description: Engine Coolant Temperature, PID COOLANT_TEMP (0105)
2026-07-14 21:27:48,386  root       handle_response DEBUG    Processing: '<pos_answer>7B</pos_answer>'
2026-07-14 21:27:48,386  root       handle_response DEBUG    Write: '41057B\r\r>'
2026-07-14 21:27:48,429  root       run             DEBUG    Received '0111'
2026-07-14 21:27:48,429  root       handle_request  DEBUG    Handling: '0111', header '7E0', ECU '7E0'
2026-07-14 21:27:48,429  root       handle_request  DEBUG    Description: Throttle Position, PID THROTTLE_POS (0111)
2026-07-14 21:27:48,430  root       handle_response DEBUG    Processing: '<pos_answer>FF</pos_answer>'
2026-07-14 21:27:48,430  root       handle_response DEBUG    Write: '4111FF\r\r>'
2026-07-14 21:27:48,512  root       run             DEBUG    Received '010D'
2026-07-14 21:27:48,512  root       handle_request  DEBUG    Handling: '010D', header '7E0', ECU '7E0'
2026-07-14 21:27:48,514  root       handle_request  DEBUG    Description: Vehicle Speed, PID SPEED (010D)
2026-07-14 21:27:48,514  root       handle_response DEBUG    Processing: '<pos_answer>30</pos_answer> <header>7EA</header><size>03</size><data>41 0D 30</data>'
2026-07-14 21:27:48,514  root       handle_response DEBUG    Write: '410D30\r410D30\r\r>'
2026-07-14 21:27:48,556  root       run             DEBUG    Received '010C'
2026-07-14 21:27:48,557  root       handle_request  DEBUG    Handling: '010C', header '7E0', ECU '7E0'
2026-07-14 21:27:48,557  root       handle_request  DEBUG    Description: Engine RPM, PID RPM (010C)
2026-07-14 21:27:48,558  root       handle_response DEBUG    Processing: '<pos_answer>20 80</pos_answer> <header>7EA</header><size>04</size><data>41 0C 20 80</data>'
2026-07-14 21:27:48,558  root       handle_response DEBUG    Write: '410C2080\r410C2080\r\r>'
2026-07-14 21:27:48,615  root       run             DEBUG    Received '0105'
2026-07-14 21:27:48,616  root       handle_request  DEBUG    Handling: '0105', header '7E0', ECU '7E0'
2026-07-14 21:27:48,617  root       handle_request  DEBUG    Description: Engine Coolant Temperature, PID COOLANT_TEMP (0105)
2026-07-14 21:27:48,617  root       handle_response DEBUG    Processing: '<pos_answer>7B</pos_answer>'
2026-07-14 21:27:48,618  root       handle_response DEBUG    Write: '41057B\r\r>'
2026-07-14 21:27:48,664  root       run             DEBUG    Received '0111'
2026-07-14 21:27:48,665  root       handle_request  DEBUG    Handling: '0111', header '7E0', ECU '7E0'
2026-07-14 21:27:48,665  root       handle_request  DEBUG    Description: Throttle Position, PID THROTTLE_POS (0111)
2026-07-14 21:27:48,667  root       handle_response DEBUG    Processing: '<pos_answer>FF</pos_answer>'
2026-07-14 21:27:48,667  root       handle_response DEBUG    Write: '4111FF\r\r>'
2026-07-14 21:27:48,810  root       run             DEBUG    Received '010D'
2026-07-14 21:27:48,811  root       handle_request  DEBUG    Handling: '010D', header '7E0', ECU '7E0'
2026-07-14 21:27:48,812  root       handle_request  DEBUG    Description: Vehicle Speed, PID SPEED (010D)
2026-07-14 21:27:48,812  root       handle_response DEBUG    Processing: '<pos_answer>2C</pos_answer> <header>7EA</header><size>03</size><data>41 0D 2C</data>'
2026-07-14 21:27:48,813  root       handle_response DEBUG    Write: '410D2C\r410D2C\r\r>'
2026-07-14 21:27:48,858  root       run             DEBUG    Received '010C'
2026-07-14 21:27:48,859  root       handle_request  DEBUG    Handling: '010C', header '7E0', ECU '7E0'
2026-07-14 21:27:48,859  root       handle_request  DEBUG    Description: Engine RPM, PID RPM (010C)
2026-07-14 21:27:48,860  root       handle_response DEBUG    Processing: '<pos_answer>20 30</pos_answer> <header>7EA</header><size>04</size><data>41 0C 20 30</data>'
2026-07-14 21:27:48,860  root       handle_response DEBUG    Write: '410C2030\r410C2030\r\r>'
2026-07-14 21:27:48,903  root       run             DEBUG    Received '0105'
2026-07-14 21:27:48,904  root       handle_request  DEBUG    Handling: '0105', header '7E0', ECU '7E0'
2026-07-14 21:27:48,904  root       handle_request  DEBUG    Description: Engine Coolant Temperature, PID COOLANT_TEMP (0105)
2026-07-14 21:27:48,905  root       handle_response DEBUG    Processing: '<pos_answer>7B</pos_answer>'
2026-07-14 21:27:48,905  root       handle_response DEBUG    Write: '41057B\r\r>'
2026-07-14 21:27:49,941  root       run             DEBUG    Received '0111'
2026-07-14 21:27:49,942  root       handle_request  DEBUG    Handling: '0111', header '7E0', ECU '7E0'
2026-07-14 21:27:49,943  root       handle_request  DEBUG    Description: Throttle Position, PID THROTTLE_POS (0111)
2026-07-14 21:27:49,943  root       handle_response DEBUG    Processing: '<pos_answer>FF</pos_answer>'
2026-07-14 21:27:49,943  root       handle_response DEBUG    Write: '4111FF\r\r>'
2026-07-14 21:27:51,727  root       terminate       DEBUG    Start termination procedure.
2026-07-14 21:27:52,000  root       run             DEBUG    Received '010D'
2026-07-14 21:27:52,001  root       handle_request  DEBUG    Handling: '010D', header '7E0', ECU '7E0'
2026-07-14 21:27:52,001  root       handle_request  DEBUG    Description: Vehicle Speed, PID SPEED (010D)
2026-07-14 21:27:52,001  root       handle_response DEBUG    Processing: '<pos_answer>28</pos_answer> <header>7EA</header><size>03</size><data>41 0D 28</data>'
2026-07-14 21:27:52,002  root       handle_response DEBUG    Write: '410D28\r410D28\r\r>'
2026-07-14 21:27:52,844  root       terminate       DEBUG    Cannot join current thread.
2026-07-14 21:27:52,847  root       terminate       DEBUG    Cannot close file descriptors.
2026-07-14 21:27:52,847  root       set_defaults    DEBUG    Stopping ECU task "Default ECU Task module", ECU="7E0", method=stop()
2026-07-14 21:27:52,847  root       terminate       DEBUG    Terminated.
